like,comment,hide,expand,open_photo,open,share_to_message
68,6,5,861,323,404,12
0,6,3,815,384,998,0
111,7,6,1201,352,488,14
7,6,4,776,334,428,0
440,6,3,17,363,248,44
1930,20,16,33,1430,260,186
43,7,4,629,343,706,0
35,5,3,288,345,553,4
212,11,5,19,366,251,40
102,6,3,730,262,1022,24
24,6,5,748,328,241,6
113,8,5,16,506,252,3
311,8,10,1089,583,246,31
483,7,5,83,316,239,50
332,4,5,10,357,227,29
1516,19,13,47,1289,232,167
0,6,5,674,325,944,2
39,6,4,934,366,1040,13
479,24,24,4133,1258,432,52
359,6,3,8,338,236,47
0,5,4,772,292,364,4
305,5,3,0,281,226,42
931,20,34,37,1841,259,81
347,7,8,34,565,231,29
289,5,3,0,283,232,42
896,7,7,2,535,232,105
137,7,5,934,354,387,19
66,5,4,4,270,245,8
72,5,5,27,478,246,10
31,7,4,1014,289,608,2
412,10,7,84,317,265,25
102,6,5,909,289,782,7
61,7,4,705,374,973,11
25,9,5,0,277,232,0
44,6,4,78,325,259,5
1110,20,19,111,2491,330,232
4,7,5,712,279,421,0
167,5,5,9,357,250,6
416,8,9,43,828,242,86
61,6,3,752,332,1023,4
1874,20,15,28,1276,261,213
170,7,4,1200,298,355,0
5,6,4,1104,267,638,5
2500,74,63,109,6246,313,67
285,7,6,29,301,234,11
233,5,4,0,324,233,9
82,8,7,1101,363,390,8
801,25,16,127,1145,267,131
129,6,4,911,307,348,13
186,8,9,1279,618,769,5
81,6,3,689,235,241,24
167,6,5,42,306,228,6
265,9,8,59,583,286,24
249,7,10,38,404,241,29
218,11,9,2026,699,365,75
129,6,9,896,294,647,39
349,5,5,0,311,224,15
61,6,3,13,287,243,28
79,7,5,909,339,360,15
55,5,5,919,300,1023,10
254,4,6,20,394,228,25
1040,27,30,123,1420,305,46
565,6,5,6,420,224,64
3738,40,58,91,4951,315,362
351,8,6,57,352,278,46
436,9,6,30,333,242,68
57,6,6,30,300,241,15
252,19,25,83,1002,272,42
100,6,4,830,301,855,0
360,5,6,0,373,227,6
71,5,5,9,415,245,12
67,6,4,784,376,734,5
1529,46,77,189,6909,341,214
204,7,4,655,315,983,3
692,6,8,20,458,235,83
493,5,5,21,306,239,67
59,6,3,885,382,784,21
313,5,3,4,279,229,56
80,5,4,51,413,236,15
36,6,5,9,367,253,4
294,7,11,32,845,242,127
698,23,22,3974,1717,1367,90
75,5,4,27,358,246,15
1040,54,42,178,3143,354,151
120,6,3,894,317,386,15
286,8,5,1233,272,1053,51
50,6,3,992,417,410,19
507,7,13,30,1183,229,54
280,6,5,12,414,229,30
58,6,5,0,347,240,3
98,7,4,40,299,248,8
243,6,9,33,610,241,25
47,7,4,938,380,361,0
92,6,3,658,314,375,2
2729,43,35,0,6445,857,1840
515,6,4,0,286,224,67
8,5,5,666,384,935,1
70,7,5,849,319,263,9
474,5,6,0,357,221,22
381,8,11,12,540,252,50
294,14,15,1793,939,748,87
31,7,5,871,406,1014,5
229,10,11,1587,573,326,32
224,5,7,26,399,257,25
119,6,6,11,370,246,7
221,5,4,62,336,234,22
95,6,5,852,243,999,48
176,5,6,53,340,231,10
127,7,4,816,303,1034,18
1677,20,10,64,1881,311,201
1246,15,20,75,859,247,100
168,6,5,18,345,237,4
1954,40,87,227,6112,599,808
207,7,5,87,268,246,6
155,6,4,298,219,263,0
98,6,2,13,336,239,20
170,5,6,81,305,238,4
64,5,3,22,348,262,26
48,5,5,618,334,1155,0
101,6,6,61,298,245,13
33,5,5,823,312,357,0
192,6,5,903,271,308,34
303,8,9,23,545,247,37
24,5,5,821,238,1054,29
296,5,3,0,280,231,44
907,7,8,16,1098,232,49
96,5,5,40,441,233,10
151,5,5,42,376,242,2
55,10,4,763,392,1061,4
186,5,4,36,475,241,32
78,6,3,736,202,372,26
177,5,3,28,384,257,29
92,7,5,832,337,1118,13
266,5,3,38,296,237,40
74,5,4,7,294,245,31
69,6,6,22,346,249,1
68,6,3,129,402,254,22
36,6,5,21,287,263,4
189,5,4,0,321,243,16
193,8,5,31,224,252,58
37,5,3,658,352,961,26
0,6,5,715,306,1050,10
209,5,5,56,292,230,19
214,4,5,4,348,232,0
28,6,3,788,357,447,14
385,7,5,22,180,249,39
185,6,3,66,297,245,18
705,7,11,8,723,231,113
181,8,5,323,353,275,0
301,5,2,0,302,234,47
178,7,4,697,358,732,28
248,5,4,0,389,234,15
172,5,4,19,326,224,1
716,21,16,2516,797,1020,105
1257,42,84,10818,5664,354,315
88,5,5,17,252,242,13
251,4,4,21,297,229,19
77,6,4,851,278,1103,2
221,7,8,55,402,255,21
177,5,6,0,384,227,16
138,5,5,52,336,233,9
134,5,6,7,397,234,0
227,11,16,2348,1041,366,68
392,5,5,11,430,231,20
0,6,4,685,320,464,0
290,5,3,10,266,245,49
652,6,3,0,270,228,68
141,7,4,668,250,258,9
15,5,8,695,299,810,11
811,7,5,16,494,228,159
235,4,5,23,425,234,23
283,6,5,25,444,241,15
84,6,5,52,304,247,0
257,7,5,325,324,236,5
195,5,5,8,375,228,11
132,6,6,659,252,1043,28
39,6,4,601,273,931,0
159,6,5,646,286,378,3
186,6,5,27,488,240,41
83,7,5,751,318,1040,29
522,6,3,17,450,239,57
126,6,5,124,413,240,0
402,25,29,5585,1512,980,25
176,5,6,67,357,225,42
301,10,13,2188,833,742,32
365,5,4,11,295,234,54
68,5,5,0,416,232,0
483,8,4,52,559,276,75
299,5,3,0,271,232,33
68,6,4,692,285,982,3
321,10,10,174,491,268,30
384,5,6,90,414,227,26
146,5,4,63,357,248,6
0,5,5,793,351,601,3
127,5,4,1,281,242,4
407,6,6,23,384,228,21
486,8,11,51,559,290,53
164,5,6,0,372,227,0
4248,51,45,74,11536,1085,1601
191,5,5,0,361,231,10
30,5,4,70,330,246,1
9,5,4,26,460,259,0
9,6,5,929,351,387,4
139,5,4,18,339,251,10
718,9,12,59,740,266,92
75,6,5,0,328,245,17
184,7,5,20,419,240,14
61,5,4,39,316,264,19
208,6,4,7,310,239,16
44,6,6,99,378,254,14
668,7,8,62,620,235,74
502,6,4,3,309,242,62
430,11,11,79,769,251,46
1541,20,26,48,1175,232,144
192,5,4,1016,471,899,5
122,7,5,1078,333,1034,49
16,8,4,31,417,243,7
45,7,5,1155,300,369,6
1004,8,12,17,908,226,85
1630,40,31,116,2015,305,105
1804,97,86,337,3897,313,242
117,6,5,627,193,512,8
211,7,5,695,324,1137,16
1236,20,16,40,1344,260,166
545,6,9,64,326,231,64
236,7,5,19,348,253,53
97,6,5,17,385,271,1
227,10,9,1760,406,365,24
116,5,3,35,364,250,26
1771,31,17,27,2017,319,168
315,7,7,47,307,270,51
213,6,6,97,404,266,35
132,6,4,765,266,908,30
69,5,4,0,386,308,10
168,7,5,1023,315,704,3
2420,31,28,51,2887,320,491
64,6,5,64,405,254,12
0,6,4,73,356,244,9
210,7,7,1086,337,1120,26
0,6,5,723,487,352,9
1205,7,8,28,826,236,104
175,6,6,9,429,246,5
144,5,5,9,334,247,5
780,7,7,12,729,247,119
98,5,5,80,353,244,9
201,5,6,0,299,243,16
1042,16,9,7,838,227,122
107,6,5,33,318,242,1
262,5,5,22,324,234,28
207,5,5,3,317,229,16
221,8,9,1529,642,938,39
1720,20,14,26,932,232,241
2670,42,32,282,4137,759,635
279,7,4,25,390,245,22
134,6,4,76,308,248,26
528,11,10,117,563,261,76
288,8,11,1503,772,445,45
405,5,5,7,300,231,50
35,6,4,1163,311,329,3
148,6,6,807,338,1076,0
0,6,2,734,219,381,16
161,8,6,33,258,280,19
46,6,4,754,307,638,0
697,20,15,124,1150,253,55
12,6,5,603,339,698,0
273,7,5,45,367,268,46
44,6,4,778,355,621,0
195,9,12,1754,485,391,22
100,6,5,29,236,241,13
371,7,11,43,712,246,30
0,6,4,705,243,900,0
523,9,8,3,333,246,45
77,6,5,918,339,363,3
67,7,4,671,262,263,10
82,6,4,20,306,263,11
91,5,4,17,405,230,29
29,6,4,367,251,255,8
186,8,8,1214,570,844,28
313,4,4,0,356,232,28
130,6,4,670,392,261,17
75,7,4,787,209,240,8
174,4,5,0,399,231,18
532,8,11,71,695,249,67
138,5,5,30,470,222,1
559,26,24,5107,2079,1754,49
189,5,6,62,385,234,3
459,6,2,1,293,238,50
121,6,5,48,378,253,21
55,6,5,114,309,258,1
12249,84,267,3731,11711,5405,1003
330,5,3,0,305,233,36
943,7,6,18,688,233,140
241,20,5,19,358,263,19
15,7,4,1070,395,366,8
71,6,5,902,306,375,0
312,6,3,43,257,284,3
305,22,24,2968,1098,1096,81
116,6,4,857,245,347,7
33,5,4,16,429,232,13
120,5,5,693,274,815,5
2852,31,17,84,1851,311,537
295,5,5,5,304,230,15
365,7,3,38,285,254,64
66,7,5,926,234,698,11
1212,20,27,89,2182,327,140
238,6,5,41,252,241,20
110,6,4,752,317,375,7
793,7,8,132,863,250,48
39,6,5,751,358,710,0
157,5,5,62,411,233,9
819,7,11,9,601,227,114
437,5,5,5,335,239,44
35,5,4,38,388,244,0
211,6,5,2,268,250,28
139,6,4,710,368,1055,35
221,8,8,1275,350,1031,25
278,7,5,89,343,242,4
574,26,29,6061,2126,1217,94
5199,172,182,1962,21863,4206,1496
2267,55,118,308,4131,655,232
322,5,2,0,256,224,39
1691,20,13,31,1674,261,181
140,5,5,37,329,246,16
308,11,9,66,386,256,17
2,6,4,713,266,885,1
87,6,6,120,317,243,0
259,5,5,9,339,227,10
384,6,3,0,272,232,46
329,9,16,119,868,238,48
181,5,5,25,419,240,17
139,6,4,21,289,259,40
1399,15,9,23,862,232,142
1215,20,27,95,1307,263,157
56,5,4,0,288,236,23
2229,110,63,352,7751,360,158
367,7,6,40,351,258,38
193,7,5,916,367,374,14
648,6,9,7,274,238,66
103,5,4,40,286,249,0
49,5,6,682,237,1038,14
82,5,4,55,309,251,10
67,7,5,1009,300,359,3
663,23,25,4001,1566,406,57
381,6,3,0,254,226,55
48,5,5,35,318,239,12
100,4,4,19,342,231,5
119,7,6,736,289,245,23
25,6,4,931,222,385,20
255,7,5,77,278,244,16
692,6,5,7,434,235,125
118,6,6,939,421,396,36
152,6,5,77,313,258,6
37,6,4,878,318,666,9
159,9,3,70,407,266,54
254,7,9,36,602,222,34
28,6,4,863,312,348,1
77,6,6,997,354,558,17
53,6,6,749,378,1084,22
93,6,3,793,243,947,7
3634,40,36,47,4676,528,487
156,6,5,40,393,240,14
467,25,16,2302,1117,372,36
107,7,4,88,429,237,31
63,6,5,629,222,482,0
794,117,21,98,1032,252,125
291,7,9,1020,507,264,41
177,5,5,26,331,231,18
194,5,5,0,366,231,9
703,6,5,7,480,229,85
84,4,6,690,472,691,37
139,6,5,51,438,245,25
134,7,4,15,376,248,50
653,6,5,0,523,231,89
64,4,5,11,297,249,13
17,7,6,951,320,376,11
21,6,5,606,322,1093,1
83,6,5,49,325,289,13
0,5,6,675,242,1071,20
387,6,5,4,386,232,21
1106,23,12,126,1439,258,154
47,6,4,771,281,363,9
110,7,5,853,278,380,17
490,8,6,42,739,234,108
2019,20,11,37,1411,313,190
1446,49,119,22738,7168,792,179
203,7,5,614,398,1021,0
146,7,6,876,374,1000,44
0,6,4,704,318,361,0
112,5,5,30,337,229,8
818,20,25,87,1586,247,93
301,10,7,70,254,239,25
108,7,5,844,382,881,7
1257,20,22,94,1771,257,51
441,6,3,0,291,227,35
225,8,6,847,282,1048,45
84,8,4,988,212,358,28
21,6,4,622,339,999,0
151,6,6,72,246,258,24
16,5,4,1004,313,407,9
326,6,6,191,236,256,18
2127,27,29,126,1694,309,155
1242,18,25,22,873,227,92
255,5,5,0,374,231,4
28,5,5,830,260,1045,10
544,9,8,40,752,234,116
760,7,10,12,485,227,48
152,6,2,6,285,246,39
300,5,3,0,314,236,39
255,7,6,29,363,252,45
15,6,4,6,299,239,7
69,5,4,906,283,1011,2
142,5,4,17,475,246,14
154,5,5,34,446,233,6
112,5,4,48,326,240,2
169,7,5,944,329,270,10
10,6,5,726,220,759,1
45,6,4,48,327,271,13
112,5,5,1,401,267,2
156,6,3,887,436,925,36
269,6,5,6,248,242,45
135,8,4,798,296,635,3
128,7,3,521,151,339,32
1256,36,30,250,3443,351,326
377,7,5,35,226,257,91
24,6,5,784,309,450,1
364,9,11,66,1030,248,58
2125,23,28,120,1369,357,227
108,4,6,8,419,233,17
642,8,5,0,367,254,24
405,10,9,64,530,241,50
497,5,6,0,398,229,20
104,7,5,858,344,431,12
599,7,8,11,433,231,42
268,9,11,525,698,260,64
756,11,9,66,887,254,117
57,6,5,855,411,1152,11
686,23,28,4531,1875,409,136
229,5,5,7,355,233,0
171,7,4,757,285,270,43
593,9,13,44,970,233,60
454,7,5,51,285,265,41
55,12,14,760,334,870,0
1018,48,87,6437,4430,1085,103
247,9,9,1611,549,362,22
233,9,9,1537,686,1053,21
1171,10,15,67,890,236,76
231,10,10,1510,567,354,19
444,5,6,11,377,234,36
403,8,9,64,463,249,46
212,8,5,989,376,991,18
106,5,5,635,332,1112,13
2460,45,84,164,3507,334,472
157,5,5,29,403,236,3
340,6,8,9,426,259,40
0,6,3,744,180,982,0
215,4,5,4,363,229,10
280,8,8,1200,390,679,10
18,6,5,281,279,242,3
178,7,8,1414,388,353,17
216,6,5,774,247,415,15
4949,131,239,34402,30051,5657,840
313,9,7,1454,519,266,10
24,6,4,694,245,981,10
281,6,5,90,198,273,17
0,6,5,744,235,1054,9
186,6,4,47,348,264,10
36,6,4,1115,236,658,16
652,11,19,2053,968,1107,47
1161,7,7,11,634,234,163
237,6,5,44,331,252,47
125,7,4,29,278,259,52
153,7,6,23,347,232,16
1485,53,39,853,9785,976,743
167,7,6,1200,388,708,13
1,6,4,704,186,835,9
697,25,22,4722,1231,996,98
1650,26,27,179,1248,265,136
139,7,7,1173,458,437,28
0,20,2,712,299,375,29
283,7,3,57,228,252,83
426,10,13,1816,965,791,36
74,6,4,86,373,248,17
219,5,4,10,381,235,16
190,5,3,24,371,247,29
434,7,11,33,592,223,72
0,6,4,618,284,670,5
39,6,4,803,305,339,1
141,6,5,1063,369,467,13
108,5,4,0,381,236,2
301,5,4,0,270,225,26
172,7,4,15,387,259,5
120,5,4,104,400,259,2
65,7,6,994,311,1007,37
444,7,7,820,344,264,7
241,5,3,0,307,232,30
13,6,5,809,294,688,0
135,6,4,57,393,270,15
188,5,6,11,344,221,30
558,24,38,184,2901,377,156
13,6,3,564,214,919,10
526,20,15,100,970,249,41
359,8,4,38,453,255,59
490,6,9,56,580,240,15
22,6,5,708,359,1108,7
382,9,11,1219,480,1108,40
520,8,9,13,683,225,29
80,8,4,9,402,251,7
0,5,4,49,432,245,7
154,6,3,15,302,246,51
1127,22,13,35,1233,238,151
935,17,20,41,1155,248,118
289,5,6,15,613,244,16
180,6,5,36,389,233,13
133,6,5,743,328,375,22
412,11,7,60,486,263,43
59,6,5,830,339,1044,3
960,9,13,36,802,246,107
205,7,5,1148,378,832,30
108,6,5,29,352,271,10
414,20,17,590,892,257,77
863,39,51,11758,3220,1431,297
810,18,8,52,803,250,167
119,5,4,23,304,254,3
142,4,5,15,427,229,0
214,8,11,1729,684,1160,65
338,6,4,79,319,239,54
480,7,9,27,317,255,65
201,4,5,10,314,233,2
372,11,7,1838,556,645,93
414,28,25,3488,1111,1028,50
171,8,6,1492,380,803,25
171,9,12,1440,580,967,81
288,6,7,17,433,266,44
263,5,5,12,365,236,6
391,5,5,66,369,226,22
31,6,4,829,287,1027,5
589,7,7,18,845,233,111
251,5,3,0,281,229,43
216,6,7,294,347,250,18
2011,24,27,106,1663,337,414
459,10,12,0,614,227,75
0,5,3,50,320,266,0
244,7,5,20,260,240,53
887,7,7,4,573,237,165
38,7,3,19,280,257,13
168,7,4,605,356,889,0
198,4,5,65,333,237,7
29,5,4,57,327,255,9
1407,20,14,44,1751,272,200
178,7,9,1215,341,997,57
394,5,4,8,336,237,12
323,5,2,0,305,232,32
57,5,5,46,444,251,0
81,7,4,719,325,706,8
95,5,4,269,342,247,21
244,5,3,4,296,232,23
57,5,6,43,344,250,6
211,6,5,42,406,246,26
18,5,5,856,356,353,14
475,5,5,65,316,240,33
2043,63,103,128,3618,347,424
85,23,31,4975,2029,1362,28
188,7,5,51,174,256,22
64,6,3,409,203,281,3
52,5,5,814,431,983,0
1878,46,76,9506,5360,812,147
814,39,33,9241,2574,1489,163
38,8,3,21,412,239,0
1770,35,80,156,5367,643,268
213,5,4,47,405,219,11
813,10,16,511,760,263,142
19,6,4,886,293,742,3
2,6,4,13,347,254,35
254,5,5,88,356,233,25
133,6,4,21,349,236,30
3,6,4,358,372,256,8
201,4,5,54,371,233,25
51,6,4,12,423,264,9
129,7,6,1264,289,390,24
55,6,4,789,340,1089,2
59,6,4,26,315,238,15
83,7,4,1046,266,426,44
283,11,6,296,444,264,26
59,6,3,31,272,257,28
112,7,5,915,433,1064,10
220,5,3,0,445,238,46
68,7,6,874,257,1031,41
63,5,4,95,262,254,0
802,17,17,49,919,259,44
60,6,5,747,353,389,4
121,7,4,45,370,269,9
328,7,6,7,386,254,42
561,7,12,56,842,234,68
195,6,3,7,405,258,14
1376,23,30,5003,2378,1637,190
32,6,4,1067,303,554,1
639,9,14,100,803,282,33
256,5,5,77,401,233,16
240,9,10,120,475,247,43
131,6,5,1027,337,369,16
522,7,9,48,781,230,41
279,11,10,1466,662,1081,51
325,5,3,0,387,230,41
207,4,5,75,375,229,8
276,8,6,61,457,262,14
102,6,3,26,334,245,17
34,6,4,721,309,891,0
278,7,5,23,356,238,16
276,7,6,70,331,259,25
268,5,5,49,356,226,15
527,6,6,69,367,262,32
334,15,10,62,672,261,56
81,6,4,740,326,1118,1
172,6,5,56,376,259,20
168,6,5,49,423,227,15
831,49,78,16504,5663,4782,145
317,11,11,498,501,258,74
676,17,12,79,690,249,211
137,5,5,24,319,251,22
414,6,8,83,418,243,29
1291,18,19,63,859,246,110
276,7,9,1506,574,342,14
295,43,28,108,1616,284,101
20,6,5,799,343,896,0
187,7,6,1027,354,726,14
645,7,12,22,658,244,40
144,5,4,2,339,238,10
163,5,4,89,390,247,31
411,19,15,69,989,250,115
233,5,4,13,291,241,15
85,7,5,52,406,242,12
194,6,3,13,303,247,12
311,7,8,18,473,226,23
385,11,12,87,809,245,64
102,12,5,1039,340,292,16
266,7,7,51,199,334,17
28,6,5,1045,368,445,0
803,34,26,134,1007,277,59
246,9,6,803,364,552,3
1081,7,7,12,783,233,156
154,7,4,815,342,1080,2
573,11,12,2250,783,403,57
167,6,4,74,283,266,32
369,5,4,12,314,232,26
247,7,6,962,398,745,40
218,9,4,45,327,246,7
343,6,4,12,323,229,31
268,5,2,0,330,228,48
815,21,13,93,856,250,134
61,5,4,43,342,238,0
307,6,4,28,329,245,45
562,6,5,9,533,234,82
267,5,4,9,319,235,15
502,16,18,84,1280,242,37
0,6,5,9,305,246,0
142,6,4,25,392,233,19
207,7,6,79,306,237,15
341,7,4,47,430,247,25
19,6,5,47,352,259,0
1871,23,29,43,1802,262,69
33,5,4,802,433,734,0
9,6,2,700,242,767,0
880,6,7,11,520,235,85
425,7,9,94,676,282,40
158,5,3,0,357,233,27
632,25,23,3203,949,252,50
68,6,4,865,306,1046,16
92,6,5,835,259,355,16
335,8,7,49,424,268,7
53,5,5,35,417,239,5
65,6,3,47,439,233,42
64,5,6,48,349,235,1
117,7,4,69,318,245,7
35,6,3,627,239,380,0
414,6,3,12,309,229,51
2235,38,15,85,2353,326,380
204,6,5,21,289,253,10
40,5,4,0,311,250,15
19,6,8,807,292,1098,6
386,6,7,18,684,241,52
178,73,12,1538,490,1047,36
0,6,5,37,375,250,12
70,6,5,643,358,962,4
114,5,4,6,362,239,4
381,6,6,0,380,234,35
453,5,3,14,338,248,23
0,5,2,28,221,255,27
476,8,13,71,994,247,72
206,7,6,894,339,356,16
559,7,13,40,945,231,55
390,5,3,0,293,227,61
764,7,8,6,537,234,123
183,5,5,14,319,235,11
102,6,3,627,249,1015,23
383,7,11,16,658,235,66
91,5,5,0,296,242,1
2702,46,55,24,4868,773,358
260,6,6,36,307,246,33
210,5,5,9,414,226,19
70,6,5,36,291,241,20
68,5,5,46,584,251,4
13,5,3,837,364,654,3
110,6,4,25,272,250,23
106,5,5,96,334,237,10
35,6,3,1030,312,710,0
0,5,5,704,304,921,0
1306,23,30,157,3124,323,167
117,7,4,28,299,234,13
155,5,5,0,275,239,1
242,9,9,74,657,258,30
1488,20,11,12,878,228,178
131,5,6,62,405,228,0
235,8,9,1011,475,286,26
536,9,9,12,514,265,55
141,7,5,1,308,255,35
32,5,3,879,334,343,15
159,6,4,30,300,262,25
0,6,4,782,292,657,15
302,7,4,0,324,245,75
42,6,4,102,303,275,5
791,23,28,63,2970,319,54
565,9,7,50,646,242,108
108,5,5,852,237,983,2
641,6,5,0,380,233,61
47,6,4,781,280,1100,0
90,6,4,576,317,408,4
303,6,5,31,270,255,26
55,7,3,16,304,248,23
248,5,5,66,368,229,18
1560,21,16,27,1065,225,199
241,4,4,10,333,231,6
112,6,5,900,326,1022,19
3824,40,121,28,6737,561,461
89,6,4,565,260,990,7
257,7,4,68,348,266,16
55,5,5,37,377,230,0
25,6,5,1170,359,366,0
323,25,28,4295,1264,1046,49
52,5,4,26,337,241,8
353,5,2,5,290,234,39
312,9,10,2101,944,1175,162
368,7,6,39,384,256,68
60,5,4,35,281,259,0
373,5,4,0,321,226,43
51,5,4,674,297,273,0
51,6,5,127,405,255,18
365,10,9,895,477,256,30
163,5,5,14,287,231,5
127,6,4,74,362,258,18
1,5,4,769,291,1023,17
172,5,3,20,370,240,44
122,5,3,3,403,238,32
150,6,4,36,261,252,24
177,5,4,0,294,240,22
2,5,4,60,312,240,0
540,23,27,2982,1535,294,75
55,5,4,786,245,363,5
39,6,5,29,335,263,0
633,9,12,30,766,247,37
136,6,5,47,287,258,11
34,6,5,636,250,338,22
22,7,4,71,293,260,6
101,6,4,22,501,273,8
1777,34,33,230,2325,340,174
73,6,5,799,337,383,26
146,11,11,1677,608,1097,39
177,6,5,953,305,760,20
117,6,4,18,278,231,0
55,5,5,655,367,264,10
0,5,3,891,356,705,0
0,5,4,772,410,412,0
1791,31,18,116,2370,320,194
478,7,8,48,436,259,38
226,4,4,0,338,233,49
443,5,5,4,330,250,42
595,27,23,5151,1989,473,63
175,7,4,1107,207,1054,26
145,7,4,0,411,261,2
0,6,5,905,258,1112,3
586,7,9,22,659,240,167
184,4,5,25,411,216,27
453,8,12,64,639,233,24
144,5,3,768,361,580,12
409,6,4,19,301,228,61
506,7,15,7,1151,245,57
16,8,3,17,321,238,21
109,5,3,9,270,237,22
242,5,3,0,272,237,36
0,5,4,84,243,252,9
285,5,3,0,266,232,45
12,6,5,46,340,270,0
540,10,11,136,700,241,42
136,5,6,66,382,234,0
97,5,3,7,373,253,7
557,6,4,0,281,238,97
241,9,12,1523,561,1051,68
166,8,7,1096,253,1099,10
54,5,4,23,390,249,2
244,5,6,29,360,231,20
98,7,5,736,336,646,30
46,5,4,744,330,1003,23
307,7,4,69,304,257,56
84,5,3,19,384,280,19
350,5,3,0,279,233,50
41,6,5,313,265,249,4
1061,7,7,7,710,231,159
130,6,4,45,260,246,15
78,6,3,65,279,266,5
37,6,3,705,324,386,6
79,5,4,9,377,226,5
21,6,5,875,451,383,10
264,5,4,2,406,236,8
88,6,3,17,313,238,0
371,10,10,6,737,233,113
481,6,6,17,362,243,39
146,6,3,843,320,375,16
935,58,54,5505,5094,327,112
134,6,7,14,269,237,16
136,7,4,981,332,357,13
316,5,5,8,393,228,5
311,10,17,1987,924,1123,77
551,6,5,12,486,233,98
0,6,5,77,283,241,9
125,8,3,65,443,241,31
862,6,13,22,860,234,59
184,7,5,16,433,230,8
44,5,5,18,369,251,13
10,5,3,31,311,249,0
299,5,3,0,288,231,27
556,5,4,0,269,227,78
122,9,4,29,371,254,17
31,5,4,939,301,582,0
254,4,6,61,426,231,17
192,6,5,2,388,258,15
47,5,3,25,399,233,16
572,26,23,48,947,256,61
155,6,5,1198,295,368,11
219,4,6,14,415,235,19
1931,51,95,10224,6620,1771,191
965,23,24,93,1510,286,66
134,5,4,25,357,237,20
1327,21,25,88,1424,261,69
286,5,2,0,300,233,37
150,10,10,1597,541,359,63
489,9,13,0,654,247,78
39,5,5,778,380,250,14
134,5,6,6,310,245,2
257,6,5,138,260,262,11
1154,19,24,82,788,236,90
17,5,5,882,358,1078,16
584,7,8,83,302,258,32
248,5,5,0,272,228,50
204,5,5,33,508,232,2
161,5,6,0,349,228,14
207,7,9,1306,307,269,44
226,6,7,92,295,249,25
887,19,18,139,862,275,128
65,6,5,600,253,983,0
53,6,4,890,288,667,0
527,6,3,11,314,233,72
89,4,4,56,388,244,13
364,7,6,0,360,230,40
103,5,5,31,387,262,18
637,23,24,5000,3398,336,225
79,5,3,1066,292,385,4
0,6,4,763,300,1028,9
116,6,4,870,340,647,7
132,5,4,59,297,239,12
144,7,6,67,374,238,16
290,4,5,25,384,229,34
11,5,4,923,312,847,2
139,6,4,28,405,238,11
78,6,4,830,258,1025,45
144,5,3,22,409,250,35
193,4,6,56,353,242,26
540,6,4,0,274,227,66
226,6,5,682,310,958,28
224,6,5,9,164,259,11
0,6,4,544,358,1039,0
287,9,7,22,311,229,42
70,6,4,716,218,355,1
252,9,9,1508,560,648,34
32,6,5,794,237,808,2
373,7,8,24,357,244,21
329,5,3,0,278,237,36
0,6,4,751,198,364,0
115,7,3,23,371,234,0
30,6,5,687,272,938,0
36,6,6,901,438,1045,2
791,7,7,10,779,231,152
307,10,6,1413,413,1022,80
330,8,2,11,365,236,51
58,5,5,43,353,246,0
553,38,84,9998,3793,1937,109
134,6,5,57,265,242,3
231,5,3,0,324,229,39
645,23,22,3518,1196,375,125
345,7,6,985,349,684,11
155,6,6,50,396,259,7
341,8,10,1621,570,1221,62
2280,41,98,181,9600,350,375
238,5,3,0,305,233,31
134,9,12,1956,731,688,70
177,7,5,21,380,241,17
7,5,4,74,334,256,10
337,5,4,25,284,236,40
56,6,3,24,187,252,21
115,5,4,11,360,240,12
325,5,18,7,401,282,26
59,5,5,780,360,457,10
498,6,9,1,574,232,49
142,5,4,48,422,253,3
36,6,5,557,257,1054,0
1336,232,79,17208,7690,2950,385
23,5,5,738,409,989,9
2275,43,43,224,5293,318,266
146,5,5,38,298,256,10
409,7,3,0,368,235,72
15,6,3,5,208,260,24
314,10,12,1589,616,351,24
387,5,5,74,336,227,23
326,6,4,0,315,239,43
491,5,8,13,390,236,47
0,5,4,27,280,235,0
552,9,9,47,776,269,113
243,8,8,1182,288,1057,17
1008,7,8,5,808,228,142
461,10,14,31,700,254,108
0,6,5,88,314,244,0
276,5,4,0,381,230,7
422,7,7,986,306,1174,46
159,5,5,28,335,245,10
245,7,5,78,274,234,31
90,8,4,1068,340,815,19
56,6,3,705,230,348,30
488,6,3,0,266,237,63
60,6,4,1014,317,372,7
91,5,2,9,297,250,25
664,17,13,116,717,253,54
29,6,5,525,341,368,0
478,7,5,6,550,238,71
66,6,4,759,256,747,34
208,5,4,0,352,222,10
55,6,3,690,392,258,3
128,7,7,918,223,611,41
0,6,4,0,316,251,2
57,5,4,17,297,245,5
321,5,3,0,300,229,66
817,17,15,46,1025,252,66
195,6,7,9,443,247,35
286,7,4,18,306,239,48
40,5,4,909,254,724,21
106,6,5,1,372,252,9
412,5,3,0,268,231,50
30,6,5,542,311,1017,0
533,10,7,3,589,255,19
26,6,4,984,285,412,4
2398,32,21,21,2053,309,358
101,6,5,82,475,246,16
125,5,5,17,408,238,9
289,7,6,87,334,272,8
57,6,4,368,352,266,0
267,6,10,20,438,226,29
33,5,3,20,332,269,21
70,5,5,41,373,249,3
546,10,9,17,997,268,51
90,6,3,9,359,252,39
14,6,3,1124,309,361,0
234,8,5,15,328,258,18
164,5,5,2,405,224,18
130,5,5,10,398,238,18
1647,36,29,192,3541,351,138
78,6,3,709,293,354,12
427,9,12,1655,798,966,84
411,5,6,41,392,234,26
112,5,4,0,332,247,9
235,5,5,1,420,226,33
578,12,13,8,696,258,57
0,6,4,686,293,1142,7
151,6,4,17,365,238,5
534,6,7,3,387,229,53
59,5,6,17,354,246,10
320,7,6,46,605,242,42
1529,27,13,121,2390,367,168
56,6,4,882,286,359,12
135,7,4,21,414,258,2
0,5,4,668,252,381,31
501,8,10,41,334,254,35
232,5,5,13,254,236,0
69,6,4,117,307,263,0
13,6,3,704,205,371,2
50,6,4,881,227,1046,4
47,5,4,43,280,260,1
0,5,4,45,310,261,3
20,5,5,6,330,243,11
103,6,6,803,254,665,23
369,9,13,90,899,238,27
62,7,5,979,342,608,37
46,7,5,590,270,965,8
27,6,4,618,341,1095,0
145,5,5,24,371,241,19
2892,39,60,0,4962,598,213
197,8,4,661,272,972,30
51,6,5,859,370,373,17
117,5,3,555,238,801,5
5693,120,161,71239,19731,8966,955
236,4,5,0,402,232,8
0,6,5,987,371,386,11
484,7,8,22,474,228,19
66,6,3,823,224,285,6
68,6,8,835,254,1048,17
11,6,3,41,379,234,0
217,5,6,6,319,232,10
186,5,3,50,260,248,38
138,6,3,25,255,247,43
61,7,4,847,337,704,24
50,5,3,809,105,448,45
154,6,5,70,370,296,19
348,19,16,2909,845,994,33
231,22,29,3329,1627,1051,66
1241,9,18,116,877,246,91
83,6,3,859,389,1120,14
546,25,21,4358,1453,1305,74
456,25,18,4765,1397,1361,160
404,6,3,4,453,237,58
233,6,6,38,409,296,39
210,5,5,9,400,237,2
813,18,21,36,926,242,97
28,5,6,785,384,1046,0
262,6,3,23,233,232,54
216,7,7,71,632,250,31
64,8,5,1029,348,602,10
20,7,5,777,328,828,13
1081,81,20,59,1804,339,120
645,26,14,4496,1163,927,191
69,5,5,16,391,230,5
225,10,14,2073,1019,361,31
538,47,27,8705,3109,1145,117
427,58,102,4730,10275,1102,797
2,5,4,4,395,252,10
1383,21,17,54,765,249,129
45,6,4,855,316,890,0
945,7,16,24,1047,234,50
105,6,5,76,305,261,0
209,7,5,627,276,363,10
259,8,12,1922,1007,634,62
262,5,5,0,389,235,10
1500,23,14,116,2019,333,304
456,5,4,75,335,253,7
1258,27,31,130,987,248,70
950,20,14,53,1334,259,72
172,5,5,2,327,235,4
599,6,11,20,562,247,77
123,6,5,30,404,249,0
243,5,5,780,286,238,17
61,7,5,726,240,683,34
1397,41,63,8003,5329,1633,509
559,5,5,9,299,231,43
974,60,40,223,1068,243,50
118,7,3,24,368,218,21
31,5,4,705,405,260,0
410,7,6,604,236,244,34
122,6,5,868,376,1159,34
1353,57,80,14829,4455,3231,68
5,90,3,501,263,357,8
255,5,6,9,373,229,10
32,6,4,849,253,1040,18
166,8,8,1204,302,1068,15
654,23,33,186,2847,382,107
672,25,23,82,1710,362,53
42,6,5,611,249,247,0
170,6,4,44,427,277,5
80,7,5,20,411,263,16
168,6,4,14,353,237,25
35,7,5,46,409,229,7
126,6,6,15,451,242,10
34,5,4,692,269,279,2
314,7,5,24,352,240,51
214,5,5,7,330,229,28
147,6,4,983,271,753,5
0,5,5,62,371,256,0
461,5,3,0,310,229,36
216,8,6,1174,358,372,48
69,6,5,869,286,533,18
27,8,5,663,313,1061,0
38,5,4,0,422,240,9
43,5,5,21,403,245,6
80,5,5,824,240,347,14
272,4,4,0,300,232,40
24,5,4,23,379,235,12
325,7,25,40,657,250,50
457,6,5,110,326,241,7
109,7,5,14,430,241,22
417,5,5,14,344,234,58
458,6,7,75,383,241,33
89,8,5,778,348,760,4
42,5,4,18,351,233,8
1097,23,46,76,1578,336,146
123,6,5,838,227,381,19
120,6,4,58,406,236,12
286,9,14,720,1007,273,72
191,5,5,5,300,227,4
183,5,3,6,366,241,45
235,8,5,839,273,1118,23
106,6,5,903,340,358,6
477,8,5,0,354,254,37
26,7,4,694,283,609,0
81,6,3,594,218,764,22
68,6,4,714,408,269,7
317,7,3,35,441,248,53
280,9,7,1402,464,941,18
152,5,3,35,228,249,27
118,7,4,97,322,266,17
66,6,6,1015,362,770,7
90,6,5,86,388,275,15
0,5,4,633,390,928,3
73,6,6,703,243,597,2
274,5,5,8,349,226,27
72,6,3,10,314,260,22
234,6,7,878,264,1010,22
195,5,5,19,442,246,16
4,6,5,806,213,957,0
142,6,5,926,287,365,15
247,6,7,88,452,231,18
134,7,8,1116,310,376,11
150,9,5,57,400,252,16
77,6,5,23,452,250,5
27,5,4,21,307,239,1
826,6,11,10,939,229,136
0,6,5,735,341,870,18
976,22,35,176,3544,324,162
1260,45,69,2718,4952,681,256
18,5,4,8,405,267,6
93,7,6,95,219,254,12
783,52,47,8600,3760,1513,271
30,6,5,33,267,265,3
233,7,4,28,320,236,33
263,9,8,35,885,255,93
292,6,5,0,254,248,58
73,5,5,17,320,242,0
555,5,6,0,371,229,55
444,11,13,1809,611,378,61
317,12,8,85,301,243,52
147,6,4,30,386,258,8
48,5,4,872,342,369,14
36,6,4,663,306,253,9
150,8,5,759,283,358,3
701,17,6,112,205,267,34
201,5,5,0,392,231,16
4490,45,47,113,9695,934,845
193,7,3,128,345,259,5
195,6,5,725,367,758,28
134,6,6,369,319,232,7
257,8,14,1775,940,256,27
25,5,4,10,378,241,5
17,5,4,721,305,1008,2
1337,21,14,92,1281,260,88
69,7,6,3,363,253,23
463,5,2,0,292,233,56
1096,95,35,206,2396,342,75
189,5,6,36,369,230,10
109,6,9,812,243,1054,15
121,6,2,20,384,258,47
0,6,4,820,390,391,5
3346,58,85,774,13175,989,309
41,6,3,36,287,250,26
123,6,5,750,363,258,19
24,6,4,948,358,649,3
74,6,5,934,462,690,0
584,22,31,66,3111,326,136
276,7,7,95,305,258,23
239,7,6,31,396,253,22
61,6,4,1012,262,370,0
87,8,5,757,410,670,9
363,5,3,0,324,231,43
283,17,16,2093,716,1071,102
22,6,4,836,308,660,0
211,5,3,4,287,237,30
91,6,4,703,339,417,20
319,8,6,19,526,256,74
55,5,4,12,316,241,0
533,9,11,68,543,273,20
171,7,6,914,416,561,5
207,8,5,706,299,252,33
73,6,5,777,324,1039,2
163,6,4,11,359,270,13
174,6,5,6,395,276,22
78,6,5,630,505,639,0
1275,59,80,24213,11977,6381,250
108,6,5,95,310,282,12
11,6,4,761,290,254,9
419,6,3,0,284,241,43
719,6,5,12,509,236,95
108,6,5,24,426,259,14
191,4,5,27,437,239,23
195,6,5,48,369,253,2
510,6,4,7,345,227,24
245,8,6,43,272,253,22
63,5,4,724,323,282,7
207,5,8,2,261,241,38
4992,95,40,6005,2366,1628,215
200,6,5,49,399,244,7
170,5,5,7,363,227,5
9425,107,228,5364,16994,3616,943
0,5,5,7,386,252,5
88,5,5,37,259,253,13
55,6,4,0,427,261,10
30,6,6,835,280,366,11
111,6,4,1157,376,354,0
47,6,5,773,247,987,8
427,20,35,3140,937,355,107
306,5,4,1,315,235,44
701,7,9,21,893,229,89
453,10,12,71,807,248,46
20,6,3,840,339,988,7
104,5,4,2,348,257,15
545,6,7,10,436,232,61
23,6,5,0,301,227,8
545,6,5,2,307,229,61
10,5,4,49,454,247,14
511,7,4,21,381,227,72
24,5,4,26,449,250,3
48,5,5,45,281,248,0
222,8,6,1114,407,267,12
333,7,7,0,366,234,34
54,5,5,11,449,256,24
155,6,5,839,364,372,10
72,5,4,1096,304,672,4
439,9,16,37,1116,250,36
1422,21,29,91,1735,267,143
206,6,4,56,264,240,20
536,9,11,71,619,238,58
107,6,5,720,393,1099,34
1025,8,18,19,857,227,101
26,5,6,718,340,282,7
559,6,5,0,321,230,64
103,5,4,14,342,232,3
432,5,6,12,359,233,29
193,10,10,1629,658,1098,23
96,9,7,1027,355,1091,22
128,8,4,25,389,236,9
58,6,5,768,274,674,7
65,6,4,1051,357,396,8
366,6,6,0,399,244,28
313,8,7,1015,436,513,32
160,5,5,105,270,232,10
112,6,4,23,330,277,16
43,6,5,777,303,666,8
683,8,14,42,1183,232,65
612,8,16,74,1060,255,103
153,5,5,11,447,224,1
0,6,5,653,316,1033,7
80,6,4,1091,285,258,12
16,6,4,626,237,1047,22
0,7,3,775,224,384,20
191,6,6,89,425,253,33
116,6,5,1209,299,338,1
315,8,6,26,296,272,17
189,7,4,18,203,250,42
186,6,6,0,449,227,16
349,9,6,32,840,241,125
3,6,4,61,286,254,11
667,27,30,185,3855,340,80
584,8,11,36,1017,233,61
159,20,18,2413,1116,1124,26
102,7,5,916,318,360,16
92,5,5,772,391,944,21
130,6,5,768,305,440,24
243,5,5,3,350,228,19
243,9,4,86,356,257,26
2825,108,97,228,4398,652,226
686,5,4,0,320,228,56
411,5,3,0,333,235,58
399,7,9,82,452,256,32
138,5,3,887,296,1053,0
205,4,5,0,354,234,24
126,7,4,856,338,612,15
96,6,6,739,309,318,22
1880,84,79,17016,5904,834,362
327,5,3,0,296,237,30
170,7,5,38,254,238,28
498,10,12,110,865,275,73
452,11,11,1988,664,1093,128
204,8,5,932,333,474,7
191,4,5,22,410,245,28
75,5,5,55,338,231,6
586,7,7,16,383,237,48
97,7,4,1113,317,384,5
823,20,20,1,996,243,32
539,6,6,0,430,226,63
105,7,5,768,389,412,14
1451,24,28,72,1937,319,113
890,7,11,21,818,234,122
493,8,11,85,645,250,71
1404,22,13,56,1601,331,184
267,8,8,61,608,254,37
488,9,17,44,974,248,112
207,6,5,77,402,237,22
935,7,10,6,729,226,118
1185,32,74,83,3711,325,274
112,6,5,1271,407,423,0
93,6,5,741,354,1093,14
1635,22,38,142,2310,332,212
24,6,3,642,211,781,1
321,7,4,22,475,254,57
0,6,4,587,319,907,11
289,8,7,42,461,242,53
240,5,3,0,319,232,29
41,6,4,948,366,257,0
173,7,6,1158,297,633,7
97,6,5,980,250,371,31
301,5,3,0,280,236,51
142,6,6,661,285,973,1
104,8,9,1170,532,365,37
333,7,7,20,350,239,63
157,6,4,30,323,240,0
10,5,4,844,305,346,0
49,5,4,701,357,1141,1
145,6,5,25,449,237,3
142,5,4,26,264,247,4
847,20,21,41,1865,268,64
657,8,9,57,630,250,43
255,5,5,87,244,274,27
378,5,4,77,284,235,25
54,5,4,13,267,253,6
142,6,5,875,314,714,13
259,5,3,3,353,251,53
228,4,6,0,338,226,24
0,5,4,0,253,236,1
280,8,5,41,271,244,15
507,19,26,3005,956,676,38
145,7,4,28,222,249,8
267,5,2,0,284,227,31
12,5,4,116,338,254,3
753,18,13,39,1035,262,66
7874,87,99,0,10040,4105,5062
164,6,5,69,381,236,18
229,11,10,1764,719,1067,29
177,6,5,0,400,243,8
1383,23,33,210,2263,326,108
288,5,5,7,308,230,15
536,7,6,730,202,294,46
169,7,2,29,302,261,7
573,18,14,1264,891,241,23
366,5,5,18,352,232,12
129,5,5,26,309,254,19
0,9,4,920,258,997,4
55,6,4,784,244,986,26
12,6,4,732,311,1096,7
196,5,6,58,348,223,1
575,19,15,34,1262,245,46
117,6,4,12,221,242,0
189,5,5,8,317,234,15
1316,66,87,84,5080,339,170
529,10,9,20,822,248,96
242,10,5,33,275,270,18
1039,7,13,21,785,224,120
0,5,4,910,403,781,9
110,6,6,35,520,246,7
64,6,5,24,478,258,0
548,7,12,81,907,228,76
313,7,8,0,752,241,43
144,5,2,18,257,240,24
447,11,10,1917,783,679,44
680,23,35,5065,2000,461,54
947,17,15,63,1072,238,99
83,6,3,630,342,621,12
282,5,2,0,307,230,45
457,6,3,2,376,231,57
0,5,4,981,316,365,6
394,8,5,14,323,255,48
72,5,4,0,326,256,4
157,8,5,1,331,273,27
337,21,17,2207,1144,722,37
154,7,2,5,318,262,35
20,5,4,52,358,242,0
98,6,6,26,471,236,4
392,5,11,45,353,235,28
41,5,4,0,237,242,0
413,25,19,4969,2026,1602,127
116,6,5,40,520,268,0
249,9,8,1401,417,400,36
183,7,7,84,375,259,31
530,24,25,136,1621,290,105
391,5,7,0,426,228,22
169,5,5,40,345,235,6
75,5,4,10,391,240,10
240,5,4,10,331,233,14
89,7,4,750,290,615,2
202,7,5,32,400,254,39
280,5,5,18,307,231,33
2100,20,18,48,1239,249,214
764,20,23,118,1322,234,121
282,7,10,1352,633,657,15
75,5,6,39,326,275,1
163,5,5,3,438,247,8
127,7,4,714,402,369,4
189,5,6,62,333,280,22
1382,16,13,20,770,233,147
44,5,5,1,413,239,6
1582,37,31,199,2858,341,101
109,6,5,723,343,1006,15
0,6,4,908,229,353,0
304,7,3,0,410,269,45
380,10,17,1409,425,298,84
42,6,4,6,386,235,20
77,5,4,0,424,240,11
75,7,4,671,650,924,0
1824,21,26,75,1592,312,200
88,5,4,3,358,246,4
25,5,3,300,413,246,3
3971,38,38,78,4047,316,682
110,6,8,32,457,240,4
182,8,8,1438,559,663,16
28,5,4,0,218,243,3
145,6,6,741,363,263,9
13,5,5,43,335,252,5
66,7,5,27,353,258,19
3685,43,73,21,13624,953,555
135,7,5,1131,257,445,22
333,5,3,0,340,225,45
138,8,5,115,253,257,0
1253,21,32,162,1452,298,116
122,5,4,26,308,250,8
949,38,36,9047,2450,1370,125
411,5,3,0,236,231,49
1092,24,24,133,2213,327,204
360,8,9,2,545,237,92
207,4,6,63,372,228,10
94,5,5,14,384,239,10
233,8,7,23,321,272,10
7,5,6,666,275,1021,19
146,6,5,30,295,248,15
664,7,7,7,725,231,129
21,6,4,673,298,434,3
1019,24,40,146,3436,356,218
37,5,4,659,278,453,0
59,6,4,591,362,712,0
3173,171,251,56568,14108,61272,795
224,7,6,770,358,252,23
139,7,5,944,356,345,17
426,5,3,0,313,231,49
142,6,4,868,318,357,2
141,6,4,54,333,230,26
469,7,13,18,545,230,48
361,6,8,88,603,241,47
3,7,4,34,291,238,0
3176,104,395,86044,33052,13575,473
779,22,28,162,1558,281,122
131,5,5,53,437,246,16
33,5,5,45,371,248,16
164,6,5,91,367,254,18
113,5,5,100,242,251,17
396,9,7,81,289,244,62
291,9,12,114,884,234,44
70,5,4,29,329,259,0
157,5,5,639,333,245,27
364,5,5,7,380,249,9
361,6,6,20,254,236,41
395,10,13,1798,713,556,74
35,6,4,28,438,241,0
61,5,4,36,382,238,2
311,5,5,13,373,232,26
246,7,9,1243,303,720,12
183,7,6,1034,230,410,15
33,5,3,10,414,235,32
34,6,3,19,265,251,10
213,5,5,17,442,238,11
429,5,7,19,344,232,29
230,6,5,10,405,235,23
159,7,5,1011,338,661,24
51,6,4,15,420,257,8
142,5,5,32,330,289,35
613,6,4,6,303,231,72
250,6,6,27,275,257,11
201,5,3,0,322,235,36
401,8,6,885,304,390,21
38,6,3,721,329,381,1
665,7,7,11,480,240,28
472,7,4,11,580,242,63
238,7,5,26,407,273,13
299,5,2,0,285,225,40
0,6,4,965,245,1100,0
342,10,7,47,916,253,45
195,7,5,1113,395,381,26
198,7,6,21,412,237,11
125,6,4,292,323,252,13
215,6,5,21,403,246,5
412,9,7,52,666,244,49
591,6,3,2,346,237,82
676,25,28,49,835,251,98
73,7,5,708,315,260,24
190,6,5,10,406,241,30
195,8,8,1025,338,671,40
136,6,13,99,336,245,17
24,5,4,761,263,933,1
68,6,3,16,269,254,1
118,5,4,1,479,261,20
236,5,3,3,352,234,25
17,6,2,673,440,768,30
78,6,6,857,298,1109,12
541,7,13,41,808,243,109
39,4,3,606,452,261,21
39,5,4,336,429,249,1
29,5,4,13,534,263,12
233,6,5,850,478,279,13
0,6,5,900,417,252,4
321,5,5,9,334,223,10
188,6,5,18,321,253,7
1046,10,16,24,841,225,101
507,6,2,0,283,231,58
0,6,4,1070,265,363,1
173,8,6,864,370,363,22
287,6,5,35,327,226,39
254,5,2,0,368,232,44
158,6,4,797,252,357,36
168,6,4,0,387,246,24
293,5,9,0,354,227,25
116,7,3,84,470,249,17
124,7,5,991,323,369,2
31,5,3,701,364,263,16
562,8,10,23,839,226,54
86,5,5,763,259,725,0
179,6,5,12,401,240,6
231,5,4,6,313,229,13
0,6,4,723,280,270,5
127,7,5,27,378,248,10
21,5,4,0,405,254,18
380,22,16,2398,745,986,68
417,10,6,39,629,237,104
201,8,5,863,312,1146,20
57,5,4,882,355,356,9
813,26,12,109,1184,279,176
66,5,4,41,426,247,4
245,5,3,0,251,231,39
29,6,4,821,315,1003,5
85,6,6,20,415,248,1
841,7,7,6,605,231,150
63,6,4,1015,354,381,5
143,7,5,845,349,440,12
451,6,3,0,368,234,28
2750,33,30,108,2581,307,476
229,4,4,0,385,239,29
153,5,6,8,344,230,14
299,10,10,58,750,253,52
450,10,8,1218,415,491,35
223,5,5,2,326,223,6
1641,45,107,142,5132,344,366
669,7,9,8,697,224,126
190,7,5,107,358,245,17
405,7,5,9,545,238,58
114,6,3,19,230,259,27
120,5,4,50,356,251,26
176,7,5,774,205,678,17
110,7,4,1076,461,1143,2
261,5,4,2,280,232,22
603,5,4,0,328,234,87
162,5,5,0,309,240,27
358,5,3,0,273,235,40
166,6,4,6,248,263,50
127,7,4,570,285,363,24
189,5,5,61,369,231,0
560,41,76,14422,3042,1855,107
595,8,6,21,759,234,125
83,5,4,754,297,268,0
90,6,4,674,341,615,3
690,5,5,8,263,234,78
159,6,5,780,382,729,13
0,5,4,632,323,370,5
338,5,2,0,257,229,37
2,6,5,867,330,356,0
3,6,5,849,337,812,0
65,6,5,654,339,1160,23
1614,20,17,65,1603,320,221
283,9,12,2029,1060,718,33
0,6,5,758,302,1042,8
289,5,3,0,287,228,44
509,6,3,6,292,235,57
42,6,5,606,344,874,0
834,15,17,33,820,230,108
698,23,26,4212,1515,359,63
90,5,5,83,438,250,26
794,26,28,4386,1394,367,123
811,7,6,1,499,231,125
127,6,4,16,346,239,1
1307,15,8,4,760,231,163
55,6,4,699,286,273,10
436,6,4,2,364,238,62
160,5,4,48,214,244,28
200,17,16,1936,1093,995,96
168,9,5,1131,406,635,88
150,5,5,12,394,221,2
134,6,4,47,350,252,3
0,5,5,728,327,986,5
136,7,7,1120,285,673,60
1915,20,13,56,1885,308,421
285,9,11,1626,637,878,92
0,5,3,848,326,675,1
485,8,6,0,427,240,120
839,20,14,69,1806,263,82
74,6,5,739,299,757,8
193,5,3,0,331,238,15
497,11,11,1571,503,988,97
1092,28,19,117,1525,321,162
478,6,3,11,269,229,89
489,5,2,0,323,231,58
0,6,3,624,273,839,0
101,7,4,924,433,1041,19
134,6,4,53,262,328,0
99,5,4,25,349,244,10
877,7,7,23,707,225,163
30,5,3,25,307,230,0
22,5,4,682,366,406,0
348,5,6,69,398,226,22
496,11,12,62,932,257,28
632,6,3,0,253,231,89
197,4,5,13,334,228,7
64,6,4,0,332,246,51
235,5,3,0,223,225,30
140,5,5,0,387,228,7
582,5,3,0,337,228,75
573,5,4,13,281,235,75
213,6,16,67,369,241,12
6021,104,79,2610,32647,4917,1307
91,5,2,720,291,388,27
58,5,4,1151,303,367,4
12,6,5,774,367,948,1
39,6,4,799,306,252,13
0,6,3,881,347,394,0
1935,68,73,339,13788,1181,123
26,6,4,614,300,1007,6
135,10,13,1408,804,955,51
52,5,4,17,288,254,2
818,7,6,8,429,234,110
296,7,5,40,266,251,14
53,6,5,814,393,761,3
50,7,4,358,314,240,10
14,6,4,699,360,1077,4
118,5,4,8,380,236,23
0,6,4,734,306,376,1
34,5,5,25,307,245,9
815,11,16,49,1009,269,27
156,6,5,36,353,235,18
93,7,3,60,376,269,13
206,7,6,42,359,280,48
311,5,6,0,320,229,20
179,5,5,11,391,236,9
177,5,5,0,424,228,6
0,5,3,33,238,265,16
1354,7,8,6,776,232,177
153,7,5,54,497,245,1
572,5,4,71,382,238,58
34,5,5,677,335,614,7
0,5,4,306,408,258,0
69,5,6,794,339,738,13
4,5,3,675,320,368,11
14,6,4,647,335,995,0
165,7,6,407,420,247,22
189,6,5,711,277,1063,2
252,9,10,1385,461,1215,62
503,6,7,19,360,228,51
68,5,5,23,316,242,4
502,24,15,3765,1296,1442,112
206,6,4,59,348,265,2
434,6,6,16,231,230,38
158,7,6,1100,456,1093,39
206,5,5,52,397,227,2
219,8,6,88,240,264,34
142,7,6,999,326,1045,10
150,5,4,65,364,250,0
1145,7,17,23,821,233,103
71,6,5,787,344,369,26
48,5,4,28,363,283,7
45,6,4,825,348,239,3
166,7,8,1058,269,375,31
174,6,9,931,278,376,0
129,6,6,0,390,259,0
449,25,42,6297,3475,1217,67
82,5,4,632,301,960,0
239,7,3,3,467,265,48
17,6,6,805,276,685,6
467,5,8,15,326,224,44
343,7,7,504,333,274,22
58,5,5,95,316,234,3
136,6,3,16,303,262,22
258,5,5,52,341,232,39
372,8,7,15,373,261,60
27,5,4,839,304,649,0
61,6,4,58,418,246,17
406,6,2,2,292,230,50
159,6,3,46,286,250,11
394,6,3,0,337,231,45
214,9,6,0,352,232,4
144,5,6,48,361,250,23
304,6,6,56,394,257,22
291,5,3,0,288,231,30
0,5,4,739,246,566,9
76,6,2,23,275,242,27
0,5,4,2,288,261,13
66,5,4,316,406,259,13
218,6,3,0,308,236,38
74,5,3,12,341,254,10
256,6,5,48,359,247,16
35,5,4,750,212,556,3
169,5,4,35,292,247,6
130,6,3,29,290,273,31
104,5,4,304,308,347,13
23,5,4,19,272,238,0
244,5,3,0,326,230,46
737,7,9,18,760,235,51
3,6,5,662,438,355,6
263,7,4,36,419,252,44
223,10,13,2143,872,1069,61
163,7,4,22,364,238,26
78,6,3,7,341,251,17
314,9,11,424,684,270,85
154,5,5,65,488,233,11
1032,51,58,9126,7470,1439,188
412,6,7,19,361,234,44
84,5,5,720,449,261,8
1330,24,25,78,1631,287,87
3,6,3,742,345,703,0
190,7,4,21,282,258,27
89,6,5,1075,421,1103,47
56,6,5,891,417,288,0
255,7,7,38,355,256,43
173,5,5,3,341,226,15
573,5,5,0,374,227,36
68,8,4,22,262,279,28
197,6,3,0,333,241,45
20,7,5,717,419,576,12
252,4,5,71,344,233,12
81,6,5,13,340,262,17
160,4,5,1,365,233,11
8,6,3,829,308,573,10
1767,20,13,16,941,223,188
0,6,4,828,382,721,0
145,5,4,42,320,237,4
114,7,5,8,418,250,1
238,7,6,1,346,265,34
75,6,5,671,283,437,3
0,6,4,783,314,744,12
232,4,6,17,316,235,13
114,7,6,1233,394,416,26
15,8,4,1089,308,414,0
14,6,3,7,282,244,2
416,5,4,4,318,235,39
1423,18,17,21,892,230,137
46,5,4,102,382,238,12
2008,45,77,9501,4417,484,257
354,5,4,0,274,237,30
0,5,5,705,333,371,9
288,8,7,960,442,272,27
506,20,10,32,1230,250,108
133,7,6,943,305,1131,16
315,6,5,63,441,238,17
32,6,5,546,276,632,3
0,5,4,945,252,1148,20
158,5,5,14,414,236,9
1924,71,79,378,17037,1364,258
85,6,5,566,465,250,2
124,6,4,873,262,370,0
349,6,3,0,308,229,41
75,6,4,659,325,734,2
108,6,4,854,338,349,0
89,6,5,3,418,238,14
297,7,3,14,309,238,60
67,6,5,811,329,359,11
1201,20,18,104,1056,262,118
142,7,5,892,347,1146,32
8,5,3,775,332,362,3
699,38,23,9154,3570,486,94
259,5,3,0,329,230,25
3390,103,427,5244,69279,4208,277
406,5,4,3,288,219,49
89,5,5,885,527,1107,0
252,6,5,0,325,247,24
292,7,7,37,533,247,37
133,7,4,755,311,457,0
394,10,16,2104,976,1031,45
23,6,4,941,266,624,0
264,5,4,0,426,242,28
140,9,8,1617,482,399,60
313,6,4,17,359,228,53
234,5,4,0,281,231,48
554,24,16,3945,1338,406,140
102,6,4,763,266,761,0
90,7,7,1037,401,454,21
293,5,5,59,421,230,18
110,5,5,15,416,248,31
4,7,4,1059,366,358,5
131,5,4,3,362,232,14
1,6,4,912,292,367,8
180,10,10,495,880,243,73
320,7,4,39,369,241,31
41,5,5,946,302,254,11
41,5,4,672,185,669,12
271,5,3,8,341,232,23
295,8,5,824,162,1001,38
349,6,3,0,264,229,34
458,5,7,19,333,230,18
403,8,4,42,478,245,81
448,7,4,18,506,244,49
1313,54,30,193,1504,284,207
139,5,5,0,336,236,0
519,18,19,112,1162,244,76
703,42,64,9307,3374,516,167
0,6,5,851,317,368,1
445,9,5,10,517,256,101
77,5,4,23,270,256,6
0,5,6,26,367,261,8
95,7,5,89,401,268,14
80,6,6,25,240,259,23
64,5,5,902,317,416,11
108,5,3,747,301,255,5
122,7,4,879,322,968,32
172,4,6,10,368,239,15
235,91,35,4441,1831,413,47
108,6,5,20,255,249,5
371,7,12,59,1029,251,40
62,5,7,688,325,378,3
0,6,5,797,365,1103,1
87,5,5,1073,304,357,13
229,5,4,0,311,230,13
39,6,6,916,259,357,18
248,4,5,0,386,236,24
177,6,6,87,363,254,8
43,5,6,666,350,1043,0
201,5,4,17,389,227,26
196,9,9,1129,526,1036,16
55,6,4,684,332,1051,4
49,8,5,618,177,1000,21
247,13,5,829,278,721,49
199,6,2,13,397,243,32
750,6,7,3,407,232,110
65,7,5,624,236,787,0
272,5,5,15,315,230,9
185,9,9,1457,505,676,24
143,5,5,42,379,223,0
208,6,5,21,291,227,5
759,86,16,99,719,263,47
60,6,4,696,263,732,0
19,6,4,927,301,676,0
849,7,8,0,568,234,98
328,7,7,0,320,233,23
323,6,3,22,433,253,35
115,6,4,33,345,251,11
142,5,5,6,325,227,12
202,9,10,1683,597,786,31
309,5,3,0,262,220,48
73,6,5,787,309,430,12
39,5,5,360,333,253,10
37,5,5,1,393,254,8
0,6,4,27,416,236,0
257,5,3,0,268,234,39
40,6,6,657,318,1033,0
117,7,6,63,403,243,8
1112,19,26,39,1460,256,88
2035,126,190,69026,17514,43361,269
13,6,5,874,357,366,12
2882,39,41,103,4953,604,673
240,4,6,6,412,234,24
95,6,4,581,292,1057,2
142,6,5,25,402,248,15
648,9,9,23,642,243,144
340,5,6,7,399,228,23
115,7,4,884,296,995,16
18,6,6,812,313,1012,12
242,7,6,30,368,244,43
119,5,4,19,374,236,9
452,5,6,3,328,228,58
141,9,5,9,347,237,12
179,6,6,28,392,245,5
0,5,5,887,335,1051,0
65,7,6,1184,257,353,22
488,10,10,32,844,248,24
967,16,18,24,1018,232,46
219,7,2,16,330,238,27
132,7,6,953,336,1043,19
99,7,5,742,348,259,14
39,7,4,757,229,537,0
453,8,6,33,274,246,19
81,8,4,803,286,385,28
941,122,31,218,2659,321,151
288,5,3,0,319,233,46
576,5,3,5,329,232,87
9,6,5,934,345,792,6
483,7,9,87,621,234,63
77,5,4,42,375,242,17
617,22,26,176,1995,282,50
192,5,5,0,361,231,3
426,6,3,0,275,234,56
166,7,4,0,289,262,3
28,6,3,655,313,839,4
131,6,4,2,491,232,3
885,22,26,71,3080,317,181
53,6,4,712,227,623,14
195,5,4,0,428,244,6
80,5,5,12,351,238,10
658,8,10,36,576,245,67
44,5,4,820,394,1079,2
83,6,5,6,295,246,11
327,5,5,0,394,227,7
244,5,3,0,403,227,33
60,5,3,113,360,255,2
56,6,4,86,288,256,10
119,5,6,3,450,234,11
1443,20,26,57,1914,321,220
553,8,8,80,888,236,106
33,5,4,31,343,259,2
98,6,5,820,284,385,0
810,7,7,2,639,228,83
79,6,3,16,281,251,0
45,6,5,872,377,1057,4
19,6,5,820,371,1019,0
233,8,7,21,344,252,23
55,7,3,754,244,1076,23
37,6,5,0,374,241,1
33,5,5,761,284,998,27
74,5,5,4,386,244,16
870,34,47,208,5122,314,87
0,6,3,830,338,709,0
33,5,6,5,288,237,20
387,5,5,1,351,230,36
270,5,3,0,271,225,45
75,11,4,146,292,270,0
190,6,4,766,300,989,8
189,6,6,39,377,240,6
187,7,4,700,332,744,10
0,5,4,637,328,876,0
401,5,6,4,383,229,37
240,5,5,3,365,250,26
181,5,5,40,322,229,19
1809,23,28,104,1432,333,136
113,5,4,49,177,253,12
319,10,12,1527,612,687,57
10,11,4,646,231,724,3
126,6,5,773,461,1078,16
140,7,5,903,341,449,31
0,6,3,529,304,880,9
228,4,5,65,372,234,17
587,8,11,52,613,250,68
111,7,5,1202,235,825,26
270,5,3,0,261,231,35
376,5,6,0,332,232,15
0,7,3,2,407,242,22
99,6,4,72,375,264,2
320,5,3,0,312,231,12
22,6,5,678,332,357,2
238,8,7,141,474,267,29
308,9,8,727,379,269,42
117,6,5,18,509,228,9
96,7,4,679,235,620,13
61,7,5,688,301,789,0
128,11,5,40,323,252,20
90,7,2,726,232,654,22
48,6,3,0,162,247,0
70,6,2,35,299,238,27
631,18,12,64,1092,234,130
565,5,4,0,359,236,87
182,5,5,16,390,236,5
226,6,4,868,428,729,18
85,6,4,47,353,254,29
200,6,4,773,252,272,11
1060,17,9,17,767,229,170
173,7,5,32,255,252,46
65,5,4,34,315,238,1
218,5,5,66,368,236,20
240,4,4,7,364,235,23
35,5,4,793,370,247,10
632,17,7,1082,329,359,62
57,10,6,1029,320,298,0
180,6,5,22,259,229,18
181,7,4,118,275,258,2
164,6,5,961,589,914,0
32,6,4,541,334,579,9
24,6,4,59,206,271,4
116,8,4,11,286,237,26
172,5,5,15,368,242,18
60,5,5,0,239,236,7
84,6,5,85,274,245,32
7,5,5,783,218,1044,6
146,8,8,1036,301,1104,40
221,9,9,1552,674,359,20
229,7,7,49,432,225,65
320,7,7,39,311,236,54
113,5,5,646,275,1088,2
111,5,5,7,379,243,0
239,5,6,68,347,231,21
0,6,3,843,353,926,14
3500,125,388,72317,16142,50423,601
2765,31,13,85,2105,309,610
39,6,4,949,349,358,3
295,5,4,1,369,230,39
536,5,7,9,348,226,47
16,6,3,16,381,250,4
10,5,4,680,348,928,3
538,9,13,1355,491,1166,45
301,8,10,39,756,244,61
324,8,6,19,296,234,25
491,6,3,9,270,223,68
645,10,8,42,904,270,117
112,6,6,40,289,268,43
0,6,4,922,306,363,0
148,6,7,1149,338,428,16
136,6,6,1,288,263,18
445,10,12,1670,569,360,65
17,6,4,808,347,620,1
362,10,19,1957,886,732,35
142,9,8,1210,509,256,36
22,5,4,756,334,236,6
472,7,10,18,558,244,45
113,5,5,20,361,259,21
47,6,4,56,298,259,18
115,5,4,701,302,251,24
328,6,3,17,321,235,64
191,7,6,666,285,257,18
925,22,28,88,2103,264,92
226,6,4,23,286,249,12
241,6,3,0,229,239,29
174,5,3,1,297,233,29
0,5,5,6,314,263,1
18,5,4,802,378,754,4
56,7,4,837,275,948,0
0,6,4,666,351,978,1
166,6,4,34,384,262,10
440,16,17,2013,797,1010,108
63,7,4,919,286,664,3
47,5,4,677,330,1022,0
135,7,6,85,407,270,23
58,6,5,17,340,258,5
295,6,4,4,332,229,27
799,44,27,6707,2939,1876,171
52,7,5,770,310,257,0
1322,39,39,364,3504,342,182
452,7,8,1,521,257,78
125,5,6,14,355,242,27
279,8,8,1138,281,372,38
63,6,5,587,233,250,9
73,7,4,1016,355,257,17
425,5,3,0,300,235,51
188,7,5,795,293,673,14
598,8,12,85,878,236,32
280,8,6,684,374,258,19
43,6,5,17,266,230,3
187,7,9,31,523,243,14
158,7,5,1262,433,257,0
59,5,4,16,343,250,7
20,5,4,925,314,433,3
942,7,12,19,940,227,170
25,6,5,39,520,258,7
512,9,9,66,763,244,36
107,5,5,858,273,568,5
155,6,4,62,442,281,0
16,5,4,893,363,394,0
64,6,5,20,288,250,9
403,10,17,2016,903,1056,50
76,7,8,1086,369,675,17
1698,139,165,63939,46205,54569,374
1407,48,61,10403,4653,1589,310
232,9,7,1583,409,589,42
63,6,3,2,383,255,26
95,7,5,897,337,248,0
1880,17,13,9,744,229,180
270,5,3,0,269,232,15
367,5,4,0,265,231,41
173,6,3,15,336,242,56
159,5,4,0,423,234,1
789,7,4,6,565,233,157
268,5,6,4,361,226,16
15,5,5,58,480,248,3
915,7,12,83,551,234,84
269,8,12,1740,676,1017,97
519,5,3,0,241,226,84
1558,18,24,44,940,231,118
371,12,13,1531,869,979,89
779,81,11,76,979,268,160
325,5,4,2,340,227,67
722,8,15,26,887,247,93
475,8,9,56,505,245,46
296,5,5,0,331,229,30
3576,45,39,73,13365,935,1826
131,7,5,1030,404,287,3
25,6,3,819,289,364,15
4,5,4,823,366,975,0
31,5,4,678,369,267,4
102,6,5,9,475,243,5
251,5,3,0,329,231,26
91,6,5,69,457,247,0
430,5,4,10,343,232,22
322,5,3,0,296,225,23
178,5,6,45,274,237,6
115,5,4,30,400,244,12
0,6,6,25,294,260,2
223,6,5,21,525,242,9
874,28,27,3616,1040,713,104
118,6,5,80,397,249,22
1086,7,7,4,885,237,137
413,5,3,0,313,226,35
0,6,3,859,276,346,18
329,20,14,2541,837,1092,103
119,5,3,28,297,318,9
200,6,4,40,389,253,14
767,45,67,11418,6014,1809,87
2269,21,28,77,2222,306,303
490,5,3,0,266,231,49
440,7,5,9,400,245,61
326,6,5,41,262,258,0
92,6,5,42,310,265,11
173,7,5,638,303,727,0
146,5,5,18,396,263,10
211,5,3,0,327,229,21
533,21,24,104,934,239,109
309,7,5,30,431,270,33
421,7,7,1345,438,918,31
0,6,4,889,419,361,0
37,6,3,1078,351,439,27
404,6,7,23,389,252,4
851,26,26,3957,2046,356,148
1178,21,27,124,1905,280,114
0,6,3,14,364,253,5
318,7,2,58,361,243,45
299,7,8,857,293,958,16
529,19,18,2673,727,471,44
79,5,5,0,439,240,10
3,6,5,885,296,1022,1
178,8,4,63,344,248,9
55,5,5,33,300,243,11
562,9,15,136,796,249,58
72,6,5,794,304,1078,35
373,7,7,958,510,701,26
686,6,6,2,435,232,67
73,5,5,9,425,237,11
178,7,5,41,270,251,9
150,6,4,16,413,259,12
113,5,6,7,459,241,0
138,6,6,22,294,233,4
436,8,8,18,503,244,54
146,5,5,760,166,665,0
86,6,5,702,328,809,9
1188,24,25,154,1930,336,173
0,6,4,642,346,574,0
24,7,6,818,319,347,8
154,5,3,5,373,233,21
246,7,5,1045,305,374,0
100,6,4,853,400,1100,9
135,7,8,74,373,246,15
100,6,4,27,439,248,3
4,5,4,706,298,594,12
160,5,4,44,251,256,1
96,5,5,18,469,247,7
1788,47,85,317,8181,1173,607
89,6,2,845,375,405,18
335,6,5,76,404,231,51
81,8,4,17,279,240,16
435,5,3,0,296,228,63
531,19,26,2550,941,1072,50
1,5,3,60,367,284,0
158,6,8,767,322,1090,17
496,8,17,26,877,239,57
0,6,4,722,285,642,0
353,7,7,26,329,271,51
538,23,35,167,3506,324,101
61,7,4,50,275,248,16
140,5,5,10,356,236,19
61,5,4,5,268,278,1
0,6,4,663,274,990,7
73,6,3,30,201,256,13
207,7,5,71,449,237,6
142,6,4,972,318,919,0
223,5,5,17,270,227,25
353,10,6,1727,607,1090,127
122,5,5,65,364,238,5
493,5,3,0,307,234,75
78,6,3,1033,221,426,3
252,5,5,3,359,226,23
109,6,5,873,268,1041,0
258,6,6,76,373,258,63
78,7,5,819,378,1035,23
484,7,4,8,214,256,61
120,7,4,35,403,257,1
385,7,4,0,232,225,21
68,7,5,890,435,408,7
122,7,6,1247,299,1000,39
339,7,3,0,387,245,57
18,6,5,695,440,352,14
300,5,2,0,342,229,32
169,6,4,24,388,257,0
52,6,4,708,321,1002,0
303,8,6,1112,448,971,87
599,8,9,43,866,239,140
118,6,6,31,347,225,16
207,5,4,0,350,218,11
1003,71,31,196,1284,298,142
62,6,4,842,296,634,2
178,10,15,54,1062,244,68
24,6,5,720,429,750,1
2256,67,88,9736,5737,1813,826
365,5,3,0,272,227,52
277,7,5,22,304,252,54
1660,20,15,16,1472,254,199
197,9,5,1242,454,363,17
209,5,4,22,414,249,38
1715,21,12,33,1398,309,127
215,5,4,4,381,233,11
259,8,7,2,315,291,7
320,7,5,20,307,239,24
61,6,5,811,446,1123,17
293,5,3,2,285,236,38
153,5,4,3,343,235,33
247,8,4,42,328,239,23
660,8,7,52,910,243,142
237,7,10,12,675,254,46
172,9,17,2089,913,828,57
88,7,4,864,447,565,23
51,6,4,864,321,346,5
141,5,6,0,260,253,45
0,5,4,95,384,250,9
473,6,5,793,278,1094,22
260,8,14,1840,677,954,86
315,5,3,0,317,230,29
505,21,27,3868,1179,1220,142
30,6,5,797,264,356,6
417,5,5,5,357,226,11
1105,21,18,108,1999,323,74
249,6,4,22,316,239,36
261,9,12,1322,690,1081,95
6,6,5,662,327,989,0
95,5,5,15,454,232,20
127,6,6,14,380,266,21
109,6,4,3,464,230,5
587,7,10,32,595,239,70
333,8,6,70,340,240,19
10,5,4,1036,288,822,13
66,7,4,852,260,232,14
297,5,5,8,376,247,39
117,9,13,1778,761,1079,103
220,5,5,0,369,227,23
59,6,4,680,335,363,5
93,5,5,745,299,343,7
1575,21,21,82,2996,317,207
87,5,5,69,430,265,9
0,5,5,650,308,993,0
267,5,4,36,347,226,3
1434,20,13,37,1378,320,178
218,9,7,1477,449,518,52
288,10,9,1271,563,1040,28
114,7,5,1,370,230,8
20,6,3,754,221,591,0
1262,35,39,137,3649,323,145
262,5,3,0,277,233,38
2735,20,46,94,2337,316,301
205,5,6,0,358,226,0
86,7,5,790,285,1034,16
1023,7,8,16,810,233,138
2760,30,34,41,2842,308,529
130,6,7,11,488,254,0
1853,25,29,111,2779,279,122
67,6,6,49,480,241,2
244,9,8,1335,429,743,25
202,5,5,20,385,220,12
57,6,3,753,200,982,6
219,5,6,33,311,253,6
576,6,4,6,343,230,52
0,6,3,872,303,669,2
349,8,11,54,879,246,87
149,5,5,1048,374,369,10
482,6,10,17,633,222,73
1092,38,34,10989,3196,763,113
411,7,14,52,713,246,97
50,6,5,674,234,370,2
70,6,4,109,341,242,4
156,6,6,56,360,251,19
12,6,6,952,358,595,2
465,10,14,49,989,259,52
457,7,6,57,216,249,31
4066,37,36,26,5012,504,847
93,9,10,1950,609,433,35
506,9,8,1131,513,251,33
62,6,5,772,320,988,4
0,5,4,0,428,256,8
55,6,5,18,314,271,6
612,24,63,137,2023,353,193
87,6,5,765,330,247,21
181,5,4,16,335,230,22
260,8,5,19,305,239,28
212,5,5,4,293,267,15
65,6,5,836,382,358,0
388,6,7,55,420,240,64
544,9,12,1571,764,346,31
144,4,4,25,413,231,2
74,8,4,750,313,1071,0
794,22,24,105,2571,339,101
301,6,3,23,330,248,40
161,7,4,57,303,266,12
95,6,5,33,462,242,0
62,6,3,35,273,257,21
95,6,3,18,331,254,5
9,5,4,886,387,656,0
641,8,12,83,875,247,87
822,22,31,98,1645,272,145
443,5,3,0,295,234,65
114,5,3,32,418,256,19
2135,61,155,1157,9794,973,382
80,6,4,856,249,612,9
84,5,5,882,331,413,9
1404,20,14,21,1057,245,183
80,7,5,1065,257,367,3
951,169,27,69,1314,285,100
595,6,3,0,255,234,71
110,7,5,956,342,690,20
322,9,12,1703,440,648,45
181,9,12,1556,556,371,44
0,6,5,745,441,348,0
1370,36,47,44,3596,311,192
290,7,5,31,347,250,21
67,5,5,59,501,260,0
213,6,5,817,298,355,10
102,7,5,808,274,657,10
378,5,6,46,354,224,19
80,8,4,24,259,249,10
137,7,6,825,335,1001,8
206,9,11,1427,615,923,78
298,6,6,27,259,247,31
346,9,8,105,578,248,75
168,6,5,317,333,241,12
278,9,7,45,572,278,159
26,5,5,760,246,1045,19
771,98,26,155,1602,296,93
156,6,4,0,362,241,37
96,6,4,19,470,244,9
301,5,2,0,262,222,37
223,4,6,0,426,229,12
29,6,4,1159,334,469,2
1144,39,54,207,5279,364,125
7,6,4,748,353,1003,4
348,6,5,7,367,229,22
127,6,4,63,321,233,22
94,8,6,818,277,1095,20
382,8,5,123,445,251,54
746,6,11,26,669,235,79
437,18,19,2183,913,1008,55
74,6,4,8,354,258,0
146,7,8,0,352,260,16
569,20,22,82,1019,252,33
226,6,5,1075,352,629,19
222,8,5,41,289,268,31
266,6,5,34,373,246,25
727,14,13,1993,964,982,30
167,19,20,2385,799,721,43
234,5,5,0,401,225,45
66,6,5,783,301,1093,0
161,6,5,63,395,237,10
565,6,3,0,274,235,81
150,6,2,23,255,251,23
113,8,6,793,423,255,15
286,5,5,7,331,233,14
164,5,6,38,378,249,0
55,5,4,726,284,706,25
154,7,4,753,361,998,5
398,6,5,42,361,226,41
62,6,7,988,319,382,11
8,5,5,59,355,259,20
494,6,4,1,316,235,80
22,6,4,745,274,246,3
277,8,13,51,786,245,33
174,5,4,0,396,233,23
14,5,4,663,322,964,4
107,5,5,0,284,241,18
300,5,3,0,291,233,37
59,6,4,677,260,356,13
49,5,3,842,317,612,11
51,6,5,653,410,1087,2
31,5,4,32,297,247,11
72,7,5,832,487,1089,21
381,7,7,7,369,263,27
4183,40,78,176,6822,315,1047
469,9,11,2162,985,409,38
280,4,5,3,364,228,23
39,5,3,845,389,244,11
223,10,4,21,348,239,44
75,5,4,696,463,238,0
622,7,12,35,917,230,64
505,9,12,68,1018,255,31
170,9,6,1469,600,432,41
242,9,12,1739,775,708,67
123,6,3,10,255,241,5
1305,66,32,144,4556,319,212
30,6,5,893,330,779,5
167,5,3,14,327,238,33
80,6,5,749,265,942,1
150,6,5,646,357,269,8
378,5,5,40,320,222,10
121,5,5,18,472,232,16
68,7,4,979,226,1092,32
14,6,3,10,275,249,27
448,5,6,25,329,227,55
55,6,6,759,421,1007,0
254,7,9,64,498,244,25
76,7,5,1005,345,260,19
75,8,6,981,347,267,6
52,6,4,643,289,654,1
712,9,17,41,730,258,122
75,8,5,604,378,1022,2
169,6,4,7,464,253,2
73,6,4,22,366,251,12
278,24,24,4281,1316,418,53
77,6,4,736,262,973,0
2359,44,110,2684,7927,787,288
0,5,4,998,318,413,3
472,27,30,134,1598,291,67
45,5,5,10,432,240,19
66,5,5,694,439,367,1
265,9,6,0,347,242,24
108,6,17,32,413,265,11
5,5,5,675,309,1035,22
310,5,5,3,347,227,20
8,6,4,637,268,255,2
31,7,4,642,367,582,2
351,5,5,23,268,235,16
127,6,5,76,291,258,21
300,6,3,10,417,247,41
628,6,13,4,649,232,66
41,5,5,7,454,242,1
732,6,4,0,403,233,73
972,35,55,9094,3180,1375,158
533,23,16,6159,1740,1181,109
9175,89,231,2828,32685,7593,1738
20,7,5,926,321,381,0
193,7,5,1034,237,906,30
1003,9,13,52,1019,243,56
278,8,7,22,450,250,18
12,5,5,531,350,588,9
542,15,14,46,958,237,91
289,6,4,6,347,229,25
503,9,11,1894,738,347,95
167,5,5,36,358,266,6
73,5,4,12,317,254,26
141,5,5,630,227,263,6
66,7,5,618,334,658,22
42,7,4,738,363,925,0
222,5,4,11,349,222,6
176,10,12,1694,725,497,84
508,24,22,147,1688,292,57
215,6,5,110,258,244,25
317,5,5,2,346,228,25
42,6,5,711,329,260,19
184,6,3,9,408,235,29
54,6,5,22,368,313,6
66,5,5,954,372,407,0
292,11,13,2140,931,373,30
155,5,3,1,337,244,32
1560,21,31,80,2315,321,262
87,6,5,11,387,245,0
561,5,5,0,304,231,80
475,6,7,10,271,252,65
171,6,3,7,435,248,16
140,5,6,0,421,232,12
98,6,9,796,416,312,0
220,10,9,1553,610,815,26
301,6,3,2,296,242,67
569,5,3,0,296,235,71
256,5,3,4,292,241,36
30,6,3,18,390,246,0
363,8,12,1021,519,248,21
93,8,3,950,326,1035,19
241,5,3,12,263,256,18
117,6,8,84,355,235,17
47,6,5,30,368,256,3
299,5,3,0,304,226,40
5134,99,261,402,21515,6189,358
214,9,18,1671,797,1029,91
676,7,12,13,836,226,68
100,6,4,44,372,241,2
434,9,5,29,601,240,122
180,6,4,51,229,259,25
83,6,4,921,243,375,6
275,5,5,70,384,225,5
191,4,5,9,392,228,20
32,6,5,717,403,239,0
116,7,5,66,260,261,8
226,9,10,1493,600,1004,44
475,7,6,55,309,259,45
1,6,2,668,268,376,17
302,8,4,5,306,242,17
347,7,6,1040,338,353,16
284,6,8,15,398,240,23
394,5,3,0,269,229,56
67,6,4,116,355,253,0
147,6,5,825,227,964,12
197,11,7,1422,612,988,149
3326,115,174,106095,40418,12311,1603
729,7,12,17,757,229,81
4,5,4,18,320,238,7
105,6,5,813,346,1056,11
354,5,2,5,253,231,52
230,5,5,0,362,230,22
67,6,4,891,420,398,9
103,6,4,80,258,296,12
251,7,5,19,333,256,29
143,5,4,59,408,228,8
0,6,5,767,267,335,0
56,6,4,735,305,964,1
174,5,3,1,303,227,31
21,5,4,1019,277,804,1
165,9,5,884,344,255,39
721,46,84,9315,12316,1339,142
9,5,5,723,242,351,18
193,6,4,116,328,242,57
45,8,6,1226,349,416,30
63,6,4,714,323,272,40
221,5,6,0,421,229,16
57,7,4,778,278,1097,3
138,5,5,33,389,244,15
0,6,4,653,308,691,18
5,5,6,6,467,244,0
91,6,6,1072,241,375,14
1410,26,24,106,1439,286,84
36,6,4,895,386,573,0
142,5,5,16,355,235,9
1681,48,61,402,5798,349,72
60,6,4,653,452,446,0
122,7,6,818,322,985,12
187,5,4,10,331,227,7
143,6,5,2,344,236,13
57,6,7,786,321,337,1
1943,42,131,6057,5319,1819,131
60,6,5,788,353,1065,0
120,5,5,34,350,240,1
134,6,5,11,316,321,12
289,4,6,9,335,230,37
1354,22,31,91,2539,260,86
25,6,4,883,271,363,3
270,6,6,9,446,239,20
417,8,10,576,882,255,85
287,7,6,989,224,566,20
1501,20,10,25,1161,263,180
32,6,5,783,344,376,8
129,6,3,531,215,1003,27
164,7,9,1009,387,303,42
244,5,5,0,382,228,12
1137,19,21,66,812,254,188
1140,18,19,138,907,248,102
161,7,6,1057,418,1045,59
0,6,5,803,237,935,7
1177,23,32,140,1368,357,93
335,19,18,35,821,242,34
87,6,4,37,273,253,31
70,7,5,813,354,411,0
10,6,4,334,283,249,7
776,6,4,0,452,230,84
0,6,4,22,359,241,14
155,5,3,19,418,252,35
294,6,3,2,297,247,29
266,5,3,0,353,236,36
100,7,3,59,265,248,9
97,6,4,684,319,791,20
314,8,7,1103,447,402,29
215,5,5,3,362,230,28
2399,101,236,65608,12696,30074,909
615,24,24,73,1648,273,126
473,8,14,33,1089,255,64
310,5,2,1,331,229,23
182,7,4,807,384,395,30
175,6,5,34,385,240,13
178,7,4,1061,304,993,6
97,7,5,882,284,350,0
916,19,21,30,1001,251,104
809,10,11,84,1263,258,49
227,7,7,1129,364,273,24
100,7,5,6,365,287,38
885,30,34,6274,2204,492,182
202,6,5,0,355,240,6
1074,18,10,66,891,242,161
86,7,5,529,245,257,41
102,6,5,796,317,246,0
321,5,4,15,413,228,37
344,4,6,3,407,238,20
99,7,6,1314,343,1015,16
287,5,6,4,358,236,28
83,6,3,13,270,249,5
495,22,15,65,1156,241,46
317,6,6,1185,303,374,25
180,7,4,784,293,686,37
0,5,3,690,331,688,4
220,8,5,44,390,261,31
554,13,7,58,833,259,111
147,6,4,0,313,236,17
39,6,4,836,317,644,25
155,5,5,16,266,261,7
229,7,8,40,428,234,44
331,6,6,2,387,239,12
205,6,4,52,346,231,37
437,8,12,38,729,240,43
30,7,4,607,269,1030,3
128,7,3,663,365,679,37
52,6,5,769,326,623,16
228,7,6,60,400,251,31
113,6,4,32,328,278,2
304,9,5,14,313,246,33
36,6,5,759,345,349,0
101,6,5,63,459,259,24
259,9,10,1952,745,753,49
238,7,6,707,262,258,29
73,6,5,4,399,249,0
74,5,4,5,334,263,17
192,7,7,41,357,246,14
45,5,4,837,282,347,23
231,9,8,1384,380,630,14
113,6,5,797,309,1087,18
276,4,3,0,301,233,20
202,5,4,27,386,230,24
251,7,5,761,249,791,24
563,9,14,29,1029,235,45
96,6,4,2,337,253,14
683,6,4,18,586,232,89
51,6,5,1065,304,397,0
2,6,4,702,284,345,2
57,6,3,39,443,243,13
176,7,3,10,291,239,11
349,7,5,34,351,233,79
258,7,13,59,617,252,28
74,6,5,852,280,374,26
333,5,6,0,444,227,2
501,8,16,99,906,250,109
250,6,3,24,354,247,41
262,5,6,0,355,229,35
223,5,3,0,270,225,31
279,5,5,8,374,223,15
345,5,5,2,375,234,23
208,8,11,1129,860,242,79
206,5,4,3,274,234,20
137,5,5,6,376,246,24
109,11,4,41,425,257,6
18,6,4,69,232,259,16
610,8,11,18,501,248,53
288,7,6,60,445,251,21
130,6,2,22,337,273,8
134,7,4,690,323,342,6
29,6,5,593,290,946,2
51,6,4,11,318,242,4
703,24,23,96,1307,271,82
266,12,9,52,630,231,26
266,5,5,0,337,243,21
106,6,5,49,257,264,15
294,5,5,0,217,229,38
64,6,4,615,297,1021,5
381,6,6,44,429,242,31
439,6,3,15,317,234,65
223,6,3,8,608,248,28
49,6,4,30,335,268,20
158,6,4,753,333,335,14
73,6,5,748,400,988,7
0,5,4,777,310,1026,2
324,5,6,0,360,226,3
182,5,5,1,377,226,9
703,17,10,26,1038,256,89
92,5,5,50,326,247,9
117,6,5,0,322,227,6
15,6,4,929,333,867,0
35,5,4,0,308,266,2
1104,87,33,180,1782,288,83
383,9,13,19,686,232,73
303,8,8,36,373,262,22
142,5,5,0,363,236,0
36,5,4,42,330,251,18
93,6,4,1058,336,270,6
0,6,3,885,380,388,4
1040,17,18,40,981,239,72
265,5,3,0,251,226,39
820,7,7,5,796,228,129
372,5,3,0,296,229,54
809,32,19,173,1216,289,80
217,6,4,26,393,246,0
170,4,4,16,392,224,0
728,6,7,0,460,225,135
319,8,9,25,457,246,38
153,8,4,150,228,257,30
278,7,5,26,284,257,34
117,5,4,0,273,242,6
292,8,7,0,308,243,15
4,6,4,835,312,862,0
329,5,5,10,378,231,18
138,6,5,796,276,731,1
208,7,6,48,304,258,22
179,5,5,16,302,235,13
297,5,6,19,423,235,27
87,5,5,46,357,252,9
487,6,3,0,292,233,42
78,5,4,9,406,240,5
0,5,4,1049,301,624,19
191,6,7,1082,435,812,55
68,5,4,18,407,236,1
310,5,2,0,393,231,41
313,6,7,121,413,245,31
269,5,3,0,363,228,37
502,38,55,12411,3852,1795,145
450,5,5,3,343,231,16
369,8,8,143,514,258,67
977,7,7,7,808,229,127
246,5,2,0,278,233,46
173,7,5,924,312,362,32
1024,21,27,64,1505,270,122
86,7,6,937,357,756,19
243,5,3,0,260,231,25
442,20,24,47,789,254,144
875,7,6,8,667,232,166
0,5,4,639,214,425,3
87,6,5,872,378,961,7
134,5,6,62,322,244,9
1,6,5,827,324,713,10
246,7,5,1,362,239,17
13,5,3,70,314,255,6
136,5,5,18,376,244,22
131,6,5,96,398,291,3
3,6,4,907,422,805,9
727,35,42,7382,2924,1587,255
160,5,6,14,430,244,13
0,5,4,43,318,238,0
198,5,5,10,416,222,1
259,6,6,43,399,251,23
146,5,6,1068,297,634,20
12,6,4,970,448,262,5
328,5,3,0,315,229,45
766,22,22,147,1741,281,74
213,5,3,0,279,235,27
103,6,5,848,400,600,4
294,8,6,77,422,254,24
672,6,5,0,608,229,85
97,6,3,10,382,234,18
521,20,20,1968,997,679,118
146,6,6,1203,188,718,6
114,6,5,36,322,251,22
0,7,4,645,259,924,0
129,10,9,1684,570,1079,79
266,5,3,12,311,229,41
283,8,6,38,428,254,14
184,6,6,81,351,260,18
664,6,8,5,438,227,40
971,25,32,136,2179,335,48
0,6,4,705,349,262,11
373,7,8,143,549,230,32
145,5,5,41,345,244,6
42,7,4,908,290,367,26
136,7,5,1040,327,842,20
260,7,5,0,304,252,4
54,6,4,604,214,429,0
887,7,14,17,978,230,136
556,5,5,24,345,230,71
110,7,5,74,388,254,0
325,5,2,1,250,229,40
1215,17,23,66,1206,233,64
261,6,3,0,340,237,52
1492,21,17,102,1366,261,182
315,5,3,0,280,232,45
234,6,5,49,414,249,28
188,7,5,1061,305,265,10
498,5,5,15,431,237,42
3244,41,91,0,6211,404,431
1,6,4,771,326,724,9
274,10,14,2219,1207,381,44
62,6,5,43,238,244,0
32,6,4,775,359,720,0
81,5,4,0,378,230,4
339,7,7,17,560,234,75
212,5,4,0,296,230,51
1,5,4,15,408,247,0
62,5,5,32,412,235,9
206,5,5,0,400,237,23
83,6,4,58,404,254,12
1263,28,25,137,1720,285,61
1143,35,90,353,3946,365,290
23,6,5,706,277,244,10
133,8,3,636,265,330,13
289,9,14,1499,542,823,76
118,6,5,0,316,243,4
18,6,4,665,301,376,8
2,6,3,873,356,708,5
131,6,5,843,291,684,22
516,8,9,18,862,238,139
322,6,4,0,358,228,60
171,7,5,755,255,1043,7
62,6,5,995,288,1117,25
506,9,12,82,1053,256,43
79,6,4,822,375,352,0
259,7,5,1064,462,262,46
69,5,4,67,473,230,12
129,6,5,707,403,251,13
54,5,4,76,362,265,0
258,6,8,25,351,245,13
0,5,5,728,268,1130,9
82,6,3,60,364,275,0
76,5,4,0,370,232,6
200,6,4,16,185,260,41
401,93,12,130,704,257,51
1754,21,25,34,1184,232,74
2137,52,72,8435,5219,1302,288
155,7,5,26,360,252,9
154,5,4,110,336,250,13
451,9,14,252,822,251,46
480,9,12,96,619,259,70
284,5,3,4,297,227,40
324,5,3,0,350,234,43
21,5,5,807,350,253,3
71,5,4,646,330,1076,2
118,5,4,932,399,269,0
69,6,5,28,463,241,14
154,5,5,0,336,233,3
139,6,6,129,371,270,2
112,6,2,13,272,244,34
12,6,3,634,215,1019,31
6033,38,85,105,4620,436,926
89,5,5,6,339,260,21
1,5,4,8,394,243,13
147,6,5,5,392,230,7
925,17,16,33,911,227,76
248,7,6,40,256,242,19
346,10,13,1857,868,963,74
182,6,5,17,323,268,6
119,6,5,61,306,235,23
309,5,3,2,308,231,21
227,6,8,0,399,240,24
106,6,3,26,273,252,10
205,9,11,1491,390,1004,75
423,5,4,14,360,233,37
41,7,3,811,274,450,15
89,5,5,39,333,260,14
1135,7,15,14,1005,232,109
72,6,4,56,298,243,21
5806,77,221,0,16925,3987,1164
72,6,3,664,317,1094,3
1223,25,21,129,905,244,139
742,42,15,1789,923,620,40
299,6,5,57,390,240,6
59,6,5,852,352,1031,20
68,6,3,9,320,258,17
203,5,5,1,327,230,12
48,6,4,579,452,344,0
217,4,6,0,407,231,7
152,6,5,842,367,398,8
701,7,6,0,483,236,121
2238,43,59,10462,6755,456,310
40,6,6,657,251,1024,15
80,6,5,22,408,242,18
664,8,10,12,945,236,71
443,10,15,2179,1258,393,52
326,5,4,0,256,229,47
23,6,5,730,283,248,0
138,5,3,24,241,251,20
742,7,11,0,559,226,88
132,5,5,24,393,267,0
184,6,4,8,224,256,72
293,9,13,45,819,261,41
163,7,4,52,418,247,32
94,9,5,779,379,767,12
316,7,5,86,259,266,18
270,8,7,833,315,264,34
133,5,6,10,313,241,6
335,5,3,0,270,234,61
110,7,4,552,355,1096,8
71,6,4,10,342,248,0
42,6,4,728,220,1012,1
15,5,4,49,320,255,1
0,6,4,927,311,352,5
129,6,5,0,327,304,16
1513,33,36,132,3311,351,343
225,5,6,26,337,237,23
335,6,6,20,357,234,30
497,5,4,0,282,224,85
29,6,5,862,324,592,1
400,8,7,12,565,244,71
427,6,3,6,291,233,87
75,5,5,79,298,228,22
26,5,4,28,272,243,0
1379,33,25,149,2653,315,290
99,6,6,34,347,270,15
229,10,12,1631,701,944,77
724,8,9,53,788,238,119
1085,22,13,47,1592,283,148
479,16,19,32,1034,241,46
204,5,5,57,640,237,19
43,6,4,113,438,253,2
151,6,4,765,324,487,11
228,6,5,26,384,249,21
238,5,4,0,354,229,2
292,8,18,2121,1077,417,59
449,6,3,0,325,234,47
396,8,6,4,570,243,33
920,8,11,23,889,224,172
378,6,2,7,280,228,49
141,7,4,602,329,725,15
206,9,6,843,258,303,31
62,7,5,840,273,960,19
1826,7,13,26,684,227,206
322,5,2,6,291,233,44
2147,29,41,202,2017,353,182
132,6,5,680,310,968,4
306,5,6,0,341,224,6
636,27,28,107,2113,275,155
592,5,4,7,304,231,70
64,6,4,836,376,1071,18
395,6,6,12,330,240,49
328,7,7,0,407,233,46
3,5,4,757,280,375,3
476,7,7,31,625,237,37
49,6,5,23,325,251,15
191,6,4,0,344,237,19
561,12,9,68,414,251,56
309,9,8,1614,544,383,35
124,5,5,61,364,241,3
25,6,5,746,298,986,9
51,5,4,27,443,260,0
113,6,4,58,366,236,21
3129,106,190,484,16277,5739,1690
381,6,5,101,395,261,33
63,6,5,669,314,988,0
32,6,5,894,316,391,7
14,5,4,565,338,915,0
299,10,13,14,782,242,50
98,6,3,740,299,1072,20
0,6,3,870,244,979,1
44,5,3,39,314,250,34
87,7,5,670,279,252,6
249,5,4,0,354,231,10
254,5,3,0,331,236,35
368,6,6,73,408,227,17
1206,15,10,11,775,235,148
1033,20,20,52,1174,246,55
82,7,4,794,256,633,18
64,5,5,959,422,424,3
337,5,3,0,278,232,33
0,6,5,655,366,1056,7
47,5,4,745,334,425,0
162,6,5,20,297,238,16
163,6,5,829,343,266,4
0,5,4,84,373,272,3
192,5,3,7,309,234,21
27,6,5,620,278,585,2
348,5,5,0,354,225,5
32,6,3,646,296,904,31
259,5,3,2,424,232,0
0,7,4,873,292,362,5
923,17,20,8,833,230,71
0,6,5,998,300,1023,0
46,6,4,772,277,389,0
615,6,3,3,302,238,63
28,6,6,99,525,272,0
19,6,5,850,478,827,6
65,5,5,38,366,244,7
119,7,5,30,379,247,10
1113,41,52,234,3638,336,239
6,5,4,867,356,1057,0
41,7,4,29,348,255,18
97,6,5,1022,286,402,3
104,7,6,869,364,392,15
764,16,17,74,788,236,77
163,11,12,1763,376,441,23
240,4,5,8,330,236,14
47,6,4,786,268,354,0
8148,58,87,175,12690,742,670
1001,7,7,3,773,233,140
0,6,5,588,310,871,6
207,10,5,19,262,242,17
25,7,5,34,323,246,7
227,6,5,50,384,250,12
126,8,7,1210,291,368,18
158,6,3,26,451,248,34
0,6,5,767,305,258,2
1175,25,36,3024,1637,277,120
536,8,13,73,966,258,47
88,5,4,75,404,245,2
276,8,5,1146,918,1010,82
127,6,5,44,411,241,13
259,7,8,1199,381,905,63
400,7,6,67,407,254,14
0,6,4,668,285,697,0
333,5,3,0,241,229,34
128,5,5,17,241,235,41
701,10,7,65,912,248,110
36,6,4,0,377,262,0
376,12,10,57,872,263,104
142,6,5,65,327,245,5
538,6,3,0,261,228,70
109,6,4,32,330,240,10
388,18,18,1702,796,939,123
0,6,4,1,288,279,0
219,6,6,44,461,253,19
32,5,3,57,374,247,17
39,6,4,101,266,255,6
447,10,12,142,655,260,115
69,7,5,782,286,870,4
86,5,4,64,377,245,22
58,6,5,43,518,248,22
1003,7,11,9,836,228,142
172,7,4,13,349,236,16
33,6,5,937,303,361,23
472,7,13,86,304,289,42
190,6,3,0,305,232,23
134,5,5,19,436,224,1
180,6,4,42,368,259,17
208,6,5,39,444,243,26
0,6,5,756,367,657,3
339,7,8,31,327,264,42
349,5,5,53,337,229,11
312,11,7,58,352,243,40
376,7,9,89,487,234,50
692,9,14,102,1022,269,32
0,6,3,710,338,669,10
335,6,7,89,458,240,47
155,5,4,16,423,228,5
1,5,4,68,415,251,7
487,6,7,12,375,231,69
203,6,6,39,454,252,7
26,6,5,858,336,747,14
276,5,2,1,272,234,40
325,5,5,60,376,234,36
362,10,10,1547,989,388,45
387,7,6,16,286,253,80
362,10,12,1074,632,265,45
107,6,6,88,319,236,12
94,6,5,706,373,359,22
80,5,5,20,437,235,13
258,10,11,1367,759,1067,91
1059,9,16,34,1134,222,118
236,6,5,19,462,240,26
17,6,4,901,213,291,9
19,6,4,726,247,1153,16
43,5,4,677,337,366,5
300,9,10,1052,661,333,37
724,6,6,4,603,231,72
296,5,3,0,303,221,33
1468,15,8,7,754,227,216
349,5,4,0,300,232,45
141,6,5,32,415,231,11
560,163,27,2628,756,434,105
102,5,4,131,384,250,2
339,7,7,110,297,267,16
23,6,5,784,289,1021,0
214,9,5,18,408,277,17
77,4,4,12,369,237,12
146,6,5,860,347,855,19
55,9,7,94,380,251,9
221,5,3,0,268,230,31
40,7,4,627,307,894,0
0,5,4,858,350,1027,8
37,6,4,855,385,1150,0
227,5,6,6,403,223,19
175,7,4,755,337,1145,19
711,6,9,0,527,240,117
66,6,5,0,356,242,0
87,5,5,53,550,245,24
148,6,5,1167,291,341,11
92,6,6,12,422,236,0
974,7,12,11,713,237,144
1064,21,13,99,1056,237,139
116,5,4,593,224,751,2
73,6,6,835,299,711,0
250,5,7,0,409,225,4
76,5,2,24,256,224,45
124,6,4,783,401,244,17
12,6,4,835,271,380,0
524,5,3,0,247,221,68
62,6,4,22,387,232,7
4795,39,72,50,4413,308,522
160,8,7,939,312,895,33
120,6,5,53,346,264,33
87,5,5,824,299,1149,20
0,7,4,760,299,479,0
1292,40,92,9606,3127,1196,565
159,6,5,77,405,235,17
1917,32,20,323,2667,320,171
92,6,5,675,372,256,14
0,5,5,703,414,645,7
396,9,8,1487,295,414,54
0,6,6,915,322,354,0
230,7,6,27,220,271,32
1305,50,56,317,3841,375,169
1674,47,83,144,4631,717,195
197,7,4,737,349,258,24
36,6,5,797,356,754,12
128,7,4,42,354,233,44
52,5,4,760,396,292,12
128,5,4,11,373,238,7
169,7,3,41,309,257,17
402,7,10,22,512,235,29
86,6,5,879,272,632,12
4276,48,101,466,10452,1133,411
42,6,5,639,348,1018,0
13,6,4,842,418,1043,1
1062,15,8,10,881,229,127
203,8,6,64,333,262,33
99,6,5,714,327,270,15
109,6,5,5,455,237,25
139,4,6,0,369,232,5
661,5,3,1,271,227,79
72,5,4,40,385,239,16
167,8,10,1179,398,800,26
231,6,4,36,321,262,38
28,6,3,813,366,707,12
109,7,4,20,365,270,3
315,5,3,0,299,235,54
930,40,49,6500,2319,1766,316
225,7,6,58,487,246,9
362,10,11,2032,774,1053,106
258,7,7,1087,392,990,12
160,7,3,60,428,250,26
148,6,5,66,359,236,0
473,10,14,52,1202,252,38
430,5,6,0,289,235,26
46,5,5,9,479,254,7
15,5,4,669,463,665,6
42,6,3,72,228,239,32
261,5,5,0,362,243,28
212,4,5,13,405,228,12
970,15,12,14,842,220,116
117,5,5,85,304,255,5
98,5,5,7,349,249,8
346,9,9,1432,602,283,34
437,32,17,112,1069,242,97
175,7,2,556,232,237,29
84,6,5,18,370,237,20
97,6,5,1044,291,646,20
741,7,6,20,715,229,136
115,6,4,889,205,404,13
598,11,12,57,675,260,96
0,6,4,1262,412,368,0
145,5,3,0,308,240,24
231,6,5,78,283,260,7
25,5,4,912,338,935,6
1565,45,94,0,4691,754,418
163,5,5,0,372,226,11
262,9,10,2050,808,396,86
259,6,3,0,351,244,32
35,6,3,836,278,936,7
194,5,4,4,346,245,30
119,9,3,977,309,992,65
109,5,3,13,260,245,26
26,5,5,17,406,242,8
5,5,3,935,327,370,7
268,8,8,1447,522,665,20
51,7,6,936,380,382,1
115,6,3,64,374,288,7
132,5,5,10,364,223,1
0,5,3,29,277,244,19
25,6,4,883,302,340,10
105,7,6,697,311,957,0
50,7,6,75,306,239,10
35,6,3,64,268,247,0
1281,24,51,5414,2481,1869,192
382,9,12,126,751,256,62
88,5,3,11,400,240,49
0,6,5,738,390,374,5
29,6,5,682,362,652,16
894,17,19,45,962,238,31
45,6,5,635,281,1141,0
267,7,6,692,287,1079,5
85,5,6,37,395,235,13
0,5,5,671,222,1072,26
279,14,8,1939,482,636,49
277,7,9,32,493,262,65
408,10,11,44,571,238,29
60,6,4,94,239,277,24
177,6,4,55,336,247,4
0,6,3,678,322,934,17
40,7,4,308,271,258,0
70,6,5,669,345,1048,0
3332,107,256,72,23203,4812,213
481,8,9,63,476,233,50
196,7,3,603,368,525,50
95,7,5,51,374,251,0
48,6,5,21,460,233,12
1812,20,12,44,1302,309,340
0,5,3,835,342,943,0
123,6,3,699,299,705,9
478,5,5,6,293,229,68
79,7,5,27,309,239,14
84,8,7,1181,333,1182,32
166,6,5,50,400,242,23
55,5,4,102,345,259,0
95,6,5,82,354,238,10
90,6,4,91,378,257,7
79,7,4,1012,322,1023,27
338,6,8,21,356,243,29
74,6,4,759,314,980,15
0,5,5,667,324,240,2
13,6,4,30,312,252,0
138,6,5,28,442,240,10
197,10,14,2179,831,701,28
126,7,5,80,525,251,17
305,4,6,4,320,229,17
369,9,12,99,1046,248,39
140,6,4,905,345,437,7
132,6,6,706,216,796,4
168,7,6,1096,364,986,60
274,4,4,0,293,230,35
389,10,11,39,535,250,59
173,6,6,27,338,246,12
224,6,8,127,434,253,27
302,6,3,11,294,242,64
103,6,4,38,278,304,6
217,6,4,38,321,252,37
94,5,5,9,365,249,6
27,6,5,98,483,236,9
79,5,3,53,408,279,5
146,6,5,888,277,1065,8
58,5,5,667,295,376,13
184,5,4,66,337,238,25
167,7,7,1202,449,810,37
1335,24,29,162,1877,365,161
121,7,3,1119,227,361,9
147,7,5,72,294,243,14
1048,7,6,15,760,232,153
46,6,4,0,392,239,6
390,11,10,101,952,261,52
1292,18,23,29,887,249,132
489,5,7,0,343,231,31
103,5,5,26,412,233,19
141,4,5,22,415,231,4
42,5,6,9,368,253,14
152,7,2,41,300,246,43
82,7,6,71,502,243,1
0,5,4,923,380,370,7
15,6,4,0,410,242,4
77,6,4,629,351,429,3
212,5,3,50,273,237,35
142,5,5,11,421,232,6
755,22,21,88,1665,252,73
121,6,4,728,365,727,3
209,7,3,12,312,249,50
182,6,5,37,396,235,5
104,6,5,751,266,759,7
244,8,5,22,303,280,42
1053,17,17,43,1052,245,72
143,6,5,27,487,282,16
105,6,5,18,309,230,12
79,10,8,1760,947,338,26
548,7,11,56,618,231,67
479,7,10,84,527,239,19
126,8,4,285,324,268,25
394,72,6,1447,755,1012,99
939,6,11,58,490,232,81
847,9,19,25,780,246,60
368,25,24,4547,1398,1453,46
257,5,3,0,279,229,28
152,10,11,1460,623,435,50
126,8,6,780,438,361,1
1352,20,26,74,1926,319,274
131,6,4,815,366,357,27
43,6,5,43,505,238,12
122,5,5,2,337,232,0
107,7,5,717,287,921,19
129,7,6,984,328,1066,38
459,5,3,0,287,229,67
131,6,6,874,344,243,17
391,7,8,25,757,242,129
1151,28,36,151,1600,389,126
539,9,11,61,486,238,76
192,7,8,1047,322,714,35
60,5,7,32,275,234,15
304,5,2,0,283,235,41
1297,17,11,12,851,239,126
13,5,5,43,264,252,0
80,5,3,546,260,367,6
370,5,3,0,280,231,47
68,5,6,15,405,236,4
275,8,4,38,307,239,2
310,8,8,30,535,250,38
1119,21,29,107,5146,325,167
216,6,6,45,296,247,13
20,6,4,1012,301,636,0
91,5,8,1213,301,1016,33
63,5,4,763,269,679,6
97,6,3,10,312,249,21
146,5,4,702,581,273,5
940,26,17,4492,2266,468,186
0,5,4,686,225,431,12
155,6,5,14,354,267,13
211,5,5,10,296,230,20
131,6,3,82,264,243,1
52,6,4,739,314,1108,4
55,5,3,20,424,243,15
193,12,18,2235,815,707,48
63,6,4,7,223,241,5
55,6,4,0,343,248,1
288,5,3,0,312,232,40
52,5,4,759,231,576,0
414,4,3,0,328,241,46
58,6,4,20,282,244,16
639,6,7,64,302,234,51
241,8,7,94,453,250,54
172,5,2,0,334,239,25
30,6,4,535,322,1007,13
217,6,9,0,276,237,52
88,6,5,1049,380,819,8
147,5,4,16,316,230,6
1151,8,16,16,1032,243,92
293,5,3,0,377,245,20
387,5,3,0,306,230,63
274,6,6,18,383,248,12
597,12,13,56,626,240,81
97,6,4,89,316,240,0
388,7,7,25,466,227,18
486,5,6,1,396,234,29
211,5,5,5,384,240,1
683,6,8,41,511,232,45
103,6,4,108,357,233,0
76,6,5,74,356,253,5
78,6,5,849,391,245,0
262,5,5,0,385,237,32
120,6,4,842,324,981,13
71,5,4,38,260,242,8
77,6,5,45,427,257,12
364,7,7,60,674,268,27
1320,25,29,128,1954,278,83
201,12,6,907,243,1114,31
75,6,4,641,335,907,0
410,5,4,0,325,226,12
269,6,5,24,331,232,25
120,6,4,771,326,850,20
492,6,6,7,374,234,32
5281,76,59,28,17259,4057,326
5167,98,135,199,12672,4083,1841
1286,7,7,11,742,231,183
118,6,4,594,370,356,5
120,7,4,873,311,949,18
29,5,5,47,358,260,15
105,7,5,74,414,268,7
82,6,6,742,234,350,0
192,7,6,31,471,260,45
275,5,4,0,362,232,39
222,5,6,0,328,232,11
143,8,8,1169,383,1025,60
132,6,7,968,481,262,43
579,5,5,7,368,235,33
300,6,5,7,355,243,19
96,6,5,306,439,255,14
729,7,7,1,625,231,147
195,7,3,781,224,1037,33
159,6,2,22,334,251,24
33,7,3,775,286,353,17
10,8,3,785,241,791,20
257,5,5,8,322,230,10
245,7,4,763,322,1092,53
279,5,3,0,249,234,40
861,101,30,3550,1100,1084,144
446,18,18,90,834,278,65
111,8,4,898,381,374,20
189,5,5,24,392,226,1
242,6,4,771,429,242,6
57,6,14,951,407,704,1
175,5,5,0,488,244,18
916,22,18,118,790,255,131
83,5,5,64,377,245,0
838,9,13,50,948,238,98
89,7,5,21,366,232,20
1214,33,34,249,4199,315,196
220,7,8,923,384,283,40
207,4,5,4,327,225,15
0,5,4,33,364,280,0
655,8,18,28,1146,243,50
24,6,4,913,328,265,4
277,9,5,1350,525,423,104
56,6,7,829,430,262,3
10,5,4,59,359,245,2
1397,23,14,106,2683,329,299
1606,52,60,394,10664,1456,211
147,6,5,18,290,248,23
126,8,3,713,201,976,12
261,5,3,3,260,232,45
125,6,7,1058,452,251,17
22,6,3,0,238,247,28
289,8,5,75,421,234,27
233,5,5,6,378,224,4
29,9,3,685,276,267,19
12,6,4,995,420,1098,5
1274,24,35,107,2198,325,171
211,8,10,1456,597,1122,50
86,6,5,703,340,862,9
71,6,5,828,358,1032,24
442,23,31,4419,1948,1441,86
98,6,4,17,356,237,5
108,6,3,570,209,1045,16
178,5,5,18,400,235,0
88,5,6,848,344,976,18
15,6,4,775,279,908,1
52,6,5,34,300,248,9
194,5,5,11,316,230,0
11,5,3,825,267,704,4
304,5,10,45,309,233,13
0,6,3,13,371,256,7
291,6,2,0,307,232,47
185,5,4,9,240,254,5
1387,44,73,212,5912,371,361
385,6,4,10,341,240,18
40,5,5,727,493,379,7
1,7,3,784,239,1126,12
50,6,4,942,344,413,6
221,6,5,33,413,247,13
197,7,7,1013,283,1126,18
0,5,4,913,304,391,1
194,5,5,2,313,226,12
15,7,3,1023,186,374,4
649,14,14,89,947,268,38
414,5,3,5,304,235,60
50,5,4,0,457,251,6
88,5,4,937,260,355,0
126,5,5,23,358,230,27
87,7,5,782,398,652,14
279,5,4,16,398,222,11
352,5,4,66,278,237,36
226,8,7,1539,420,369,10
254,8,6,46,326,256,35
129,5,5,849,200,1037,20
1289,19,24,91,852,245,133
305,6,6,86,451,264,60
299,6,5,20,341,231,23
0,5,4,11,313,236,1
460,10,11,133,473,249,64
203,4,5,39,444,227,21
151,5,5,630,258,1018,11
202,5,6,12,396,239,16
414,7,6,7,406,255,12
43,5,5,608,272,1011,0
176,7,4,39,391,242,2
101,8,4,20,519,258,10
228,5,6,2,404,226,11
173,5,4,64,263,238,17
321,5,2,0,301,227,25
319,8,6,63,391,249,23
531,5,5,10,321,228,52
17,5,5,664,367,993,10
129,6,5,47,202,269,3
169,5,5,22,386,234,18
224,5,3,0,281,229,39
18,5,5,23,355,243,54
36,6,4,19,341,242,0
481,9,10,1533,647,1028,58
255,5,5,8,379,235,30
572,8,7,994,286,900,56
308,5,5,5,303,235,22
208,5,3,0,195,241,37
133,6,5,19,363,247,14
108,5,5,953,391,257,13
91,6,4,999,260,380,9
117,5,3,0,249,241,49
30,7,5,720,242,1054,36
252,9,9,1429,503,418,66
141,7,6,55,336,264,32
66,7,3,708,372,905,2
96,5,4,1066,411,421,13
80,6,2,779,234,428,18
238,5,5,12,391,233,19
307,9,11,95,943,262,81
30,6,4,1,361,252,14
131,6,5,29,342,245,4
197,4,4,7,415,223,16
378,10,20,1960,1158,1071,44
782,7,7,13,889,233,98
296,6,5,29,339,251,25
288,8,9,43,363,269,45
357,5,5,0,350,227,27
68,6,5,76,271,248,19
101,6,5,0,527,253,0
88,6,5,2,483,240,9
0,5,3,15,271,240,31
76,6,5,77,268,245,0
144,4,5,27,449,241,15
147,5,5,27,282,241,9
127,7,5,48,442,276,4
442,5,4,1,313,229,72
219,7,6,987,273,747,39
279,4,4,14,373,234,18
620,7,7,9,557,230,95
439,6,4,0,283,229,66
2,6,4,712,356,1052,5
102,5,4,20,335,255,13
68,6,4,618,378,417,2
269,4,5,0,319,228,40
364,6,5,25,373,221,22
1524,49,41,194,4502,328,259
1690,115,54,188,2969,342,130
744,6,8,3,535,234,116
493,8,11,4,903,245,53
178,9,8,1343,425,429,19
16,6,3,0,303,245,3
464,15,18,131,1059,246,40
286,7,7,30,536,235,30
82,5,2,34,397,252,38
66,6,6,60,422,244,7
388,20,17,2118,940,589,53
84,7,6,1138,285,1028,14
190,5,6,14,401,226,0
259,5,5,2,291,239,37
36,7,5,812,331,428,3
524,8,10,103,542,221,46
331,6,4,24,265,251,16
69,6,5,670,280,271,11
12,6,4,687,310,1135,9
137,5,4,772,330,711,2
0,5,6,784,272,981,0
342,9,6,56,312,247,49
89,7,4,92,304,246,7
333,28,27,4996,2102,1862,78
52,5,4,830,236,443,10
0,6,4,834,349,1066,0
571,6,11,10,728,225,42
225,6,6,19,398,249,14
25,5,5,721,309,1039,15
335,8,5,17,435,222,17
75,6,4,779,354,651,34
216,8,5,723,333,260,43
372,7,5,53,329,257,55
73,6,5,88,292,260,0
57,6,5,43,266,246,6
210,5,3,55,226,234,38
168,6,7,15,341,239,26
158,4,5,29,412,229,18
39,7,5,708,320,717,0
39,6,4,818,422,833,27
129,6,5,987,265,642,2
175,4,5,0,399,233,14
316,11,6,31,466,241,29
412,5,3,0,281,231,39
291,5,3,0,363,230,33
62,6,3,1115,305,345,12
82,6,4,756,337,1126,17
292,6,3,0,320,231,17
